漢字,異体字
亜,亞
亜,亚
唖,啞
唖,哑
愛,㤅
愛,爱
愛,𢜤
穐,秋
穐,龝
穐,秌
悪,惡
悪,僫
悪,恶
旭,旮
芦,蘆
鯵,鰺
梓,榟
圧,壓
圧,压
虻,蝱
或,㦯
杏,莕
以,㠯
偉,伟
囲,圍
囲,围
尉,叞
為,爲
為,为
医,醫
医,毉
育,毓
一,弌
壱,壹
壱,夁
逸,逸
稲,稻
員,貟
員,员
因,囙
姻,婣
飲,飮
飲,㱃
蔭,䕃
蔭,𦹥
陰,隂
陰,阴
陰,侌
陰,阥
隠,隱
韻,韵
宇,㝢
宇,𡧃
烏,乌
羽,羽
迂,迃
卯,夘
卯,戼
丑,丒
嘘,噓
唄,呗
欝,鬱
欝,欎
欝,鬰
厩,廐
厩,廏
閏,閠
叡,睿
叡,壡
営,營
嬰,婴
嬰,孆
映,暎
曳,曵
栄,榮
栄,荣
穎,頴
頴,穎
英,偀
衛,衞
衛,卫
詠,咏
鋭,銳
鋭,𨦣
益,益
駅,驛
悦,悅
悦,恱
謁,謁
閲,閱
厭,厌
円,圓
円,圎
円,圆
園,薗
堰,隁
沿,㳂
焔,焰
焔,燄
焔,熖
焔,㷔
煙,烟
煙,𤇆
猿,猨
縁,緣
艶,艷
艶,豔
艶,豓
薗,園
塩,鹽
於,扵
汚,汙
汚,污
奥,奧
往,徃
応,應
応,应
横,橫
欧,歐
殴,毆
鴬,鶯
鴬,鸎
鴎,鷗
黄,黃
岡,堽
岡,崗
岡,岗
沖,冲
荻,藡
億,亿
憶,忆
臆,肊
卸,缷
温,溫
穏,穩
下,丅
化,𠤎
仮,假
価,價
夏,夓
架,榢
歌,謌
禍,禍
禍,旤
花,芲
華,蕐
華,华
嘩,哗
過,过
蚊,蟁
蚊,蚉
峨,峩
画,畫
臥,卧
蛾,䖸
会,會
会,㑹
解,觧
回,囘
回,囬
塊,块
壊,壞
廻,𢌞
廻,廽
怪,恠
悔,悔
懐,懷
海,海
灰,𤆆
界,畍
界,𨺬
絵,繪
蟹,蠏
階,堦
凱,凯
崖,崕
慨,慨
概,槪
概,槩
蓋,盖
蓋,葢
柿,柹
柿,枾
蛎,蠣
蛎,蠇
鈎,鉤
嚇,吓
拡,擴
拡,扩
撹,攪
撹,搅
殻,殼
殻,壳
覚,覺
覚,覐
覚,斍
覚,觉
較,䡈
学,學
学,斈
岳,嶽
楽,樂
楽,乐
喝,喝
活,𣴠
渇,渴
褐,褐
樺,桦
兜,兠
竃,竈
竃,𥧄
竃,䆴
竃,灶
釜,釡
鎌,鐮
噛,嚙
噛,啮
栢,柏
萱,蕿
刈,苅
刈,𠛄
苅,刈
苅,𠛄
乾,乹
乾,亁
乾,漧
侃,𠈉
侃,偘
勧,勸
勧,劝
巻,卷
喚,唤
寛,寬
寛,宽
慣,惯
換,换
敢,𠭖
款,欵
款,㱁
歓,歡
漢,漢
澗,㵎
潅,灌
簡,𥳑
缶,罐
観,觀
諌,諫
還,还
鑑,鑒
鑑,鍳
間,閒
関,關
関,闗
陥,陷
館,舘
館,館
舘,館
岸,㟁
岸,𡶜
巌,巖
巌,巗
眼,𥆢
贋,贗
雁,鴈
雁,鳫
顔,顏
喜,歖
器,器
器,噐
奇,竒
希,𢁫
揮,挥
既,既
既,旣
棋,棊
棋,檱
棋,櫀
棋,㯦
棄,弃
帰,歸
帰,皈
帰,㱕
帰,归
気,氣
祈,祈
規,䂓
規,椝
規,槼
規,规
記,𧪄
貴,䝿
軌,䡄
亀,龜
偽,僞
偽,伪
儀,仪
宜,冝
宜,宐
戯,戲
戯,戱
戯,戏
擬,拟
犠,犧
義,义
誼,𧧼
吉,𠮷
喫,噄
砧,碪
却,卻
却,㕁
脚,腳
脚,踋
丘,坵
丘,㐀
丘,丠
久,镹
久,乆
宮,宫
急,㤂
急,忣
朽,𣏓
窮,竆
糾,糺
旧,舊
旧,𦾔
去,厺
拠,據
拠,㩀
挙,擧
挙,舉
挙,举
虚,虛
虚,虗
魚,𩵋
享,亯
京,亰
侠,俠
僑,侨
競,竸
競,竞
協,恊
協,协
匡,匩
叫,呌
峡,峽
強,强
恐,𢙢
恭,𢙄
恭,㳟
挟,挾
教,敎
橋,𣘺
橋,槗
橋,桥
況,况
狂,𤝵
狭,狹
胸,胷
脅,脋
興,兴
郷,鄕
郷,乡
郷,鄉
郷,鄊
響,響
響,响
尭,堯
尭,尧
暁,曉
暁,晓
業,业
勤,勤
琴,珡
琴,琹
謹,謹
吟,訡
倶,俱
区,區
狗,㺃
矩,榘
躯,軀
駆,駈
駆,驅
駈,駆
駈,驅
寓,庽
櫛,栉
窪,漥
栗,㮚
桑,桒
鍬,鍫
勲,勳
勲,勛
勲,勋
薫,薰
薫,蘍
群,羣
軍,𠣞
軍,军
刑,𠛬
啓,啔
啓,唘
啓,啟
形,𢒈
径,徑
恵,惠
恵,僡
慶,庆
憩,憇
掲,揭
携,攜
携,擕
携,㩗
携,𢹂
渓,溪
稽,𥡴
経,經
継,繼
継,㡭
繋,繫
茎,莖
荊,荆
蛍,螢
軽,輕
頚,頸
鶏,鷄
鶏,雞
鶏,𨿸
劇,剧
戟,㦸
戟,𢧢
撃,擊
撃,击
隙,𨻶
隙,隟
欠,缺
欠,缼
欠,𡙇
決,决
潔,㓗
倹,儉
倹,俭
健,徤
剣,劍
剣,釼
剣,劔
剣,劒
剣,剱
剣,𠝏
剣,剑
剣,劎
圏,圈
堅,坚
懸,悬
拳,搼
検,檢
検,检
権,權
権,权
牽,撁
献,獻
研,硏
県,縣
県,县
賢,贒
険,險
顕,顯
顕,显
験,驗
験,騐
鹸,鹼
原,厡
厳,嚴
厳,严
減,减
戸,戶
戸,户
虎,乕
雇,僱
鼓,皷
鼓,鼔
五,㐅
呉,吳
呉,吴
娯,娛
娯,娱
悟,忢
護,护
侯,矦
候,𠊱
光,灮
光,炗
光,炛
効,效
厚,㫗
厚,垕
喉,㗋
巷,衖
幸,𠂷
広,廣
恒,恆
拘,抅
昂,昻
晃,晄
更,㪅
浩,澔
稿,稾
耕,畊
肯,肎
鉱,鑛
砿,礦
降,夅
高,髙
剛,㓻
剛,刚
劫,刧
劫,刦
号,號
豪,儫
轟,軣
麹,麴
麹,麯
告,吿
国,國
国,圀
国,囶
国,囯
国,囻
穀,穀
穀,糓
黒,黑
獄,𡈭
腰,𦝫
甑,䰝
忽,𢗘
坤,堃
婚,㛰
恨,𢙃
懇,恳
昏,昬
梱,棞
艮,𥃩
魂,䰟
嵯,嵳
鎖,鏁
鎖,鎻
坐,㘴
債,债
最,冣
最,㝡
歳,歲
歳,嵗
歳,亗
歳,岁
済,濟
災,灾
災,烖
犀,𡱝
砕,碎
斎,齋
斎,斋
斎,夈
剤,劑
剤,剂
在,扗
罪,辠
財,戝
坂,岅
肴,餚
崎,嵜
崎,㟢
崎,﨑
碕,𥔎
柵,栅
策,萗
桜,櫻
桜,樱
冊,册
冊,𠕁
殺,殺
薩,蕯
雑,雜
雑,襍
雑,杂
皐,皋
皐,臯
晒,曬
三,弎
傘,仐
傘,𠍘
傘,伞
参,參
参,叅
参,叄
参,叁
惨,慘
散,𢿨
桟,棧
桟,栈
産,產
産,产
算,筭
蚕,蠶
蚕,蝅
蚕,蠺
讃,讚
賛,贊
餐,湌
斬,斩
暫,暂
残,殘
使,𠉕
刺,刾
刺,㓨
史,㕜
嗣,孠
四,亖
始,乨
始,兘
姉,姊
師,师
思,恖
指,𢫾
旨,㫖
旨,𠤔
祉,祉
糸,絲
糸,丝
紙,帋
視,視
視,眎
雌,䳄
飼,飼
歯,齒
事,亊
事,㕝
事,叓
似,佀
児,兒
児,𠒆
時,旹
時,时
滋,𦱳
爾,尓
爾,尒
爾,尔
璽,壐
璽,玺
磁,𥔵
磁,礠
辞,辭
辞,辤
辞,辝
叱,𠮟
執,执
嫉,㑵
悉,怸
湿,濕
湿,溼
漆,柒
質,貭
実,實
実,实
篠,筱
篠,筿
屡,屢
蕊,蘂
蕊,蕋
舎,舍
写,冩
写,寫
煮,煮
煮,煑
社,社
者,者
蛇,虵
蛇,𧉮
借,徣
杓,𣏐
爵,𩰦
釈,釋
弱,𢐅
守,垨
呪,咒
寿,壽
寿,夀
寿,𦓆
樹,树
収,收
周,周
修,俢
秋,穐
秋,龝
秋,秌
繍,繡
繍,綉
習,习
臭,臭
衆,眾
衆,众
讐,讎
蹴,蹵
酬,酧
酬,醻
集,𠍱
集,雧
従,從
従,从
戎,𢦦
渋,澁
渋,澀
獣,獸
獣,兽
縦,縱
叔,𠦑
宿,㝛
祝,祝
粛,肅
出,岀
春,萅
春,旾
舜,䑞
淳,湻
準,凖
巡,廵
醇,醕
醇,䣩
処,處
処,䖏
処,处
暑,暑
曙,暏
渚,渚
庶,庻
緒,緖
署,署
書,书
諸,諸
叙,敍
叙,敘
傷,伤
償,偿
匠,匞
嘗,甞
嘗,𠹉
嘗,尝
奨,奬
奨,獎
奨,㢡
奨,奖
将,將
尚,尙
廠,厰
昇,曻
晶,𣇵
松,枩
松,柗
松,梥
松,㮤
松,枀
渉,涉
焼,燒
焦,𤓪
祥,祥
称,稱
蒋,蔣
衝,𧘂
証,證
醤,醬
上,丄
丈,𠀋
乗,乘
乗,椉
冗,宂
剰,剩
場,塲
場,场
壌,壤
嬢,孃
擾,𢺕
条,條
浄,淨
状,狀
畳,疊
畳,疉
畳,疂
畳,㬪
畳,曡
畳,叠
穣,穰
譲,讓
醸,釀
嘱,囑
植,㯰
織,𦀗
職,聀
職,軄
触,觸
食,𩚀
尻,㞍
寝,寢
寝,寑
寝,𡫒
審,宷
審,审
慎,愼
慎,眘
晋,晉
晋,㬜
榛,樼
浸,寖
浸,濅
浸,𣹦
深,㴱
疹,𤺋
真,眞
神,神
親,亲
親,媇
辛,𨐌
仁,忈
仁,忎
刃,刄
塵,尘
尋,寻
尽,盡
尽,𥁞
靭,靱
図,圖
図,圗
厨,廚
厨,㕑
垂,埀
粋,粹
翠,翆
酔,醉
随,隨
随,遀
髄,膸
髄,髓
崇,崈
数,數
数,𢿙
枢,樞
雛,鶵
杉,檆
澄,澂
澄,瀓
世,丗
世,卋
瀬,瀨
畝,畆
畝,畒
畝,㽗
畝,畞
畝,畮
畝,亩
是,昰
勢,㔟
勢,势
征,徰
征,𨒌
整,𢿫
整,愸
星,皨
星,曐
晴,晴
棲,捿
清,淸
精,精
聖,垩
声,聲
西,卥
青,靑
青,寈
静,靜
斉,齊
斉,亝
斉,斊
税,稅
脆,脃
斥,㡿
接,擑
摂,攝
摂,摄
折,㪿
窃,竊
節,節
説,說
雪,䨮
絶,絕
蝉,蟬
専,專
専,专
川,巛
戦,戰
戦,战
泉,洤
浅,淺
潜,潛
潜,濳
線,綫
繊,纖
繊,纎
船,舩
薦,侟
賎,賤
践,踐
遷,迁
銭,錢
前,歬
前,偂
善,譱
全,㒰
禅,禪
膳,饍
塑,塐
曾,曽
曽,曾
楚,椘
楚,䠂
疏,䟽
疎,踈
祖,祖
蘇,蘓
鼠,鼡
僧,僧
創,戧
創,𠟐
創,创
創,戗
双,雙
叢,藂
叢,樷
叢,丛
倉,仑
倉,仺
喪,䘮
喪,𠷔
喪,丧
壮,壯
層,層
層,层
匝,帀
捜,搜
捜,𢯱
捜,摉
掃,扫
挿,插
挿,揷
掻,搔
曹,曺
曹,𣍘
巣,巢
槍,枪
漕,𤅍
争,爭
痩,瘦
相,𥄢
窓,窗
窓,窻
窓,牕
窓,䆫
総,總
総,摠
総,揔
総,緫
総,总
総,捴
総,搃
聡,聰
聡,聦
荘,莊
荘,㽵
葬,塟
装,裝
走,赱
走,𧺆
騒,騷
増,增
憎,憎
臓,臟
蔵,藏
贈,贈
側,侧
則,𠟭
則,则
即,卽
属,屬
続,續
卒,卆
卒,䘚
其,亓
孫,孙
損,损
村,邨
遜,愻
遜,逊
多,夛
堕,墮
堕,𡐦
堕,墯
惰,憜
舵,䑨
楕,橢
楕,椭
楕,㰐
楕,㯐
駄,馱
騨,驒
体,躰
体,軆
体,體
堆,垖
対,對
対,对
帯,帶
帯,带
態,态
替,㬱
泰,𣳾
泰,㤗
泰,冭
滞,滯
胎,孡
苔,菭
黛,黱
台,臺
台,䑓
台,坮
大,亣
滝,瀧
瀧,滝
宅,㡯
択,擇
択,择
沢,澤
沢,峄
琢,琢
鐸,鈬
濁,浊
達,逹
奪,夺
脱,脫
巽,巽
巽,巺
竪,豎
狸,貍
単,單
単,𠦤
単,单
嘆,嘆
担,擔
箪,簞
耽,躭
胆,膽
団,團
壇,坛
弾,彈
弾,弹
断,斷
断,𣃔
男,侽
値,值
弛,㢮
恥,耻
痴,癡
稚,穉
稚,稺
致,𦤶
遅,遲
遅,遟
筑,𥬑
抽,𢭆
抽,㩅
昼,晝
虫,蟲
虫,䖝
鋳,鑄
瀦,潴
猪,猪
猪,豬
著,著
寵,宠
庁,廳
庁,廰
庁,厅
張,张
彫,彫
徴,徵
懲,懲
潮,𣶃
町,甼
聴,聽
腸,膓
長,镸
長,仧
長,兏
勅,敕
朕,𦨶
沈,沉
珍,珎
鎮,鎭
津,𣸁
墜,坠
槌,桘
塚,塚
掴,摑
壷,壺
壷,壶
壷,壸
亭,𠅘
低,仾
偵,侦
堤,埞
抵,拞
碇,矴
禎,禎
諦,𧫚
蹄,蹏
逓,遞
鼎,𣇄
鼎,鼑
泥,埿
的,旳
哲,喆
哲,嚞
哲,啠
哲,悊
徹,彻
鉄,銕
鉄,鐵
鉄,鐡
填,塡
天,兲
展,㞡
添,𣷹
纏,纒
甜,甛
転,轉
顛,顚
点,點
点,奌
点,㸃
伝,傳
伝,传
殿,𣪍
電,电
兎,兔
妬,妒
菟,莵
都,都
砺,礪
土,𡈽
土,圡
党,黨
冬,昸
凍,冻
刀,釖
塔,墖
島,嶋
島,嶌
島,㠀
島,嶹
島,岛
嶋,島
嶋,嶌
嶋,㠀
嶋,嶹
嶋,岛
搭,撘
東,东
梼,檮
棟,栋
盗,盜
涛,濤
灯,燈
燈,灯
当,當
祷,禱
糖,𥹥
糖,糛
統,綂
蕩,蘯
藤,䕨
謄,誊
逃,迯
頭,头
騰,駦
闘,鬪
闘,鬭
動,动
同,仝
堂,坣
導,导
道,衟
得,䙷
得,𢔶
徳,悳
徳,𢛳
徳,恴
徳,惪
徳,㥁
涜,瀆
涜,凟
篤,䔍
独,獨
読,讀
栃,杤
突,突
届,屆
酉,丣
敦,㪟
豚,豘
呑,吞
奈,柰
奈,㮈
那,𨙻
内,內
縄,繩
軟,輭
難,難
弐,貳
弐,貮
迩,邇
廿,卄
韮,韭
妊,姙
妊,𡜟
禰,祢
祢,禰
寧,寍
寧,寜
寧,寕
葱,蔥
猫,貓
熱,热
年,秊
粘,黏
廼,迺
埜,野
埜,𡌛
埜,壄
埜,㙒
嚢,囊
悩,惱
悩,𢚰
悩,恼
脳,腦
脳,匘
農,辳
農,䢉
農,农
農,欁
蚤,𧎮
播,𢿥
覇,霸
廃,廢
廃,废
拝,拜
敗,贁
杯,盃
杯,桮
杯,㮎
盃,杯
盃,桮
盃,㮎
輩,軰
梅,梅
梅,楳
梅,槑
楳,梅
楳,梅
楳,槑
買,买
売,賣
売,卖
這,这
蝿,蠅
矧,矤
剥,剝
博,愽
拍,𢫦
柏,栢
迫,廹
麦,麥
函,凾
函,圅
肇,肈
櫨,枦
櫨,栌
鉢,𥁊
鉢,盋
鉢,缽
溌,潑
発,發
発,彂
醗,醱
髪,髮
罰,罸
抜,拔
抜,㧞
筏,栰
帆,㠶
帆,䑺
帆,𩗋
斑,辬
班,𤤻
繁,繁
繁,䋣
飯,飰
晩,晚
晩,𣆶
蛮,蠻
卑,卑
卑,𤰞
比,夶
碑,碑
秘,祕
備,僃
備,偹
微,㣲
毘,毗
毘,𣬈
彦,彥
膝,厀
菱,蔆
弼,弻
弼,𢐀
筆,笔
桧,檜
姫,姬
標,标
氷,冰
廟,庿
廟,庙
浜,濱
浜,濵
賓,賓
賓,賔
賓,宾
頻,頻
敏,敏
敏,勄
瓶,甁
埠,埗
婦,媍
婦,妇
富,冨
冨,富
怖,悑
敷,𢾭
斧,𨨞
普,暜
膚,肤
侮,侮
撫,抚
部,郶
楓,枫
風,凮
風,凬
風,飌
風,凨
福,福
淵,渕
淵,渊
淵,囦
払,拂
仏,佛
鮒,𩷺
噴,喷
墳,坟
憤,愤
焚,燓
糞,𨤝
聞,𥹢
併,倂
塀,塀
幣,幤
柄,棅
並,竝
並,傡
閉,閇
別,𠛰
別,别
箆,篦
変,變
変,变
辺,邊
辺,邉
便,𠊳
勉,勉
弁,辧
弁,辨
弁,瓣
弁,辯
舗,鋪
舗,舖
鋪,舗
鋪,舖
歩,步
穂,穗
報,报
宝,寶
宝,寳
宝,寚
峰,峯
峯,峰
法,灋
法,㳒
法,佱
砲,礮
萌,萠
蜂,蠭
褒,襃
豊,豐
邦,峀
鋒,鏠
鳳,凤
鳳,鳯
亡,兦
亡,亾
帽,㡌
忘,㤀
暴,曓
望,朢
冒,冐
貌,皃
貌,㒵
貌,䫉
防,埅
頬,頰
僕,㒒
僕,䑑
墨,墨
撲,擈
没,沒
奔,𢍃
翻,飜
凡,凢
凡,凣
摩,擵
磨,䃺
麻,蔴
埋,薶
毎,每
槙,槇
幕,幙
枕,𣏝
桝,枡
侭,儘
繭,絸
繭,蠒
万,萬
慢,𢢔
満,滿
密,𡶇
密,宻
湊,凑
蓑,簑
蓑,簔
脈,脉
脈,衇
妙,玅
務,务
夢,梦
夢,㝱
夢,夣
矛,𨥨
霧,霚
婿,壻
婿,聟
冥,㝠
明,朙
免,免
綿,緜
面,靣
麺,麪
麺,麵
耗,秏
儲,储
黙,默
餅,餠
尤,怣
戻,戾
悶,㥃
夜,亱
爺,𤕓
野,埜
野,𡌛
野,壄
野,㙒
弥,彌
弥,㣆
薬,藥
訳,譯
靖,靖
柳,栁
柳,桺
柳,桞
柳,橮
薮,藪
鑓,𨯯
癒,瘉
勇,勈
憂,𢝊
猶,犹
祐,祐
雄,䧺
予,豫
余,餘
与,與
誉,譽
輿,轝
傭,佣
妖,𡝩
容,兹
揚,扬
揚,敭
揺,搖
揺,摇
揺,㨱
擁,𢹬
擁,拥
様,樣
熔,鎔
窯,窰
窯,窑
謡,謠
踊,踴
遥,遙
陽,阳
陽,阦
養,养
沃,𣵽
翼,𦐂
裸,躶
来,來
莱,萊
頼,賴
雷,靁
乱,亂
嵐,岚
欄,欄
欄,栏
蘭,蘭
蘭,兰
覧,覽
利,𥝢
梨,棃
梨,梸
裏,裡
裡,裏
率,卛
略,畧
劉,刘
流,㳅
溜,澑
留,畄
留,畱
隆,隆
竜,龍
龍,竜
侶,侣
旅,挔
虜,虜
亮,𠅙
両,兩
両,㒳
両,两
涼,凉
猟,獵
猟,𤢪
緑,綠
倫,伦
臨,临
隣,鄰
隣,厸
鱗,𩼩
瑠,璢
塁,壘
涙,淚
涙,泪
累,纍
累,絫
類,類
励,勵
礼,禮
隷,隸
霊,靈
霊,灵
霊,䨩
霊,㚑
霊,霛
麗,䴡
麗,婯
齢,齡
暦,曆
歴,歷
歴,厯
歴,𠪱
列,𠛱
廉,亷
恋,戀
練,練
聯,聨
錬,鍊
呂,吕
櫓,樐
櫓,橹
櫓,㯭
炉,爐
労,勞
労,劳
婁,𡝤
婁,娄
廊,廊
弄,挊
弄,挵
朗,朗
朗,朖
楼,樓
篭,籠
蝋,蠟
蝋,䗶
郎,郞
禄,祿
録,錄
和,龢
和,咊
脇,𦚰
脇,䏮
湾,灣
碗,盌
弌,一
乘,乗
乘,椉
亂,乱
豫,予
亊,事
亊,㕝
亊,叓
弍,二
于,亏
于,亐
亞,亜
亞,亚
亟,焏
亰,京
从,従
从,從
仞,仭
仭,仞
佛,仏
佇,伫
來,来
侖,仑
儘,侭
俔,伣
俔,悓
俎,爼
俥,伡
倚,𠋣
倅,伜
伜,倅
們,们
倆,𠈓
倆,俩
假,仮
會,会
會,㑹
偬,傯
偬,倊
偸,偷
傚,俲
傴,伛
僉,㑒
僉,佥
僊,僲
傳,伝
傳,传
僂,偻
僞,偽
僞,伪
僥,侥
僭,僣
僣,僭
價,価
儉,倹
儉,俭
儁,㒞
儂,侬
儕,㑪
儕,侪
儔,俦
儔,𠍻
儚,𠐧
儺,傩
儷,俪
儼,𠑊
儼,俨
儻,傥
兒,児
兒,𠒆
兌,兊
兌,兑
兔,兎
竸,競
竸,竞
兩,両
兩,㒳
兩,两
兪,俞
兮,𠔃
冀,兾
囘,回
囘,囬
册,冊
册,𠕁
冉,冄
冏,囧
冤,寃
冦,寇
冦,𡨥
冦,宼
冦,㓂
冢,𠣥
冩,写
冩,寫
冪,羃
冪,幂
决,決
冱,𠖱
冲,沖
冰,氷
况,況
凉,涼
凛,凜
處,処
處,䖏
處,处
凭,凴
凾,函
凾,圅
刄,刃
刧,劫
刧,刦
刪,删
刪,𠜂
刮,𠜜
刹,剎
剏,刱
剏,剙
剄,刭
剋,尅
剔,𠜓
剴,剀
剩,剰
剿,𠞰
剿,劋
劍,剣
劍,釼
劍,劔
劍,劒
劍,剱
劍,𠝏
劍,剑
劔,剣
劔,劍
劔,釼
劔,劒
劔,剱
劔,𠝏
劔,剑
劔,劎
劒,剣
劒,劍
劒,釼
劒,劔
劒,剱
劒,𠝏
劒,剑
劒,劎
剱,剣
剱,劍
剱,釼
剱,劔
剱,劒
剱,𠝏
剱,剑
剱,劎
劑,剤
劑,剂
辨,弁
辨,辧
辧,弁
辧,辨
勁,劲
勗,勖
勗,朂
勞,労
勞,劳
勳,勲
勳,勛
勳,勋
勵,励
勸,勧
勸,劝
匆,匇
匆,囪
匯,滙
匱,匮
匳,奩
匳,匲
匳,奁
區,区
卆,卒
卆,䘚
丗,世
丗,卋
卉,芔
卉,卉
卍,卐
凖,準
卮,巵
夘,卯
夘,戼
卻,却
卻,㕁
卷,巻
厖,庬
厠,廁
厠,厕
厦,廈
厮,廝
厰,廠
參,参
參,叅
參,叄
參,叁
簒,篡
雙,双
叟,叜
曼,㬅
燮,爕
吶,呐
吝,㖁
咏,詠
咒,呪
咢,㖾
咤,咜
咼,呙
啀,嘊
啣,銜
啣,㘅
啣,衘
啖,啗
啗,啖
喞,唧
單,単
單,𠦤
單,单
喩,喻
嗚,呜
嗅,齅
嗜,呩
嘔,呕
嗷,嗸
嘖,啧
噐,器
噐,器
營,営
嘸,呒
嘯,嘨
嘯,啸
嚀,咛
嚔,嚏
嚏,嚔
嚶,嘤
嚴,厳
嚴,严
囂,嚣
囂,嚻
囁,嗪
囀,啭
囈,呓
囑,嘱
囓,齧
囓,𪘂
圀,国
圀,國
圀,囶
圀,囯
圀,囻
圈,圏
國,国
國,圀
國,囶
國,囯
國,囻
圍,囲
圍,围
圓,円
圓,圎
圓,圆
團,団
圖,図
圖,圗
嗇,啬
坎,埳
埀,垂
埒,埓
埓,埒
埣,𡉻
堝,埚
塲,場
塲,场
堡,堢
塢,坞
毀,毁
塒,埘
堽,岡
堽,崗
堽,岗
塹,壍
塹,𡐛
塹,堑
壞,壊
墻,牆
墻,墙
墮,堕
墮,𡐦
墮,墯
壅,㙲
壓,圧
壓,压
壗,𡋤
壙,圹
壘,塁
壥,廛
壥,鄽
壥,㙻
壥,㕓
壤,壌
壟,壠
壟,垄
壟,垅
壯,壮
壺,壷
壺,壶
壺,壸
壹,壱
壹,夁
壻,婿
壻,聟
壽,寿
壽,夀
壽,𦓆
夐,敻
夐,𢿌
夛,多
梦,夢
梦,㝱
梦,夣
夬,叏
夾,夹
竒,奇
奐,奂
奘,弉
奧,奥
奬,奨
奬,獎
奬,㢡
奬,奖
奩,匳
奩,匲
奩,奁
奸,姧
妝,𡝂
妝,娤
妝,妆
佞,侫
侫,佞
妍,姸
姙,妊
姙,𡜟
娟,姢
婀,妸
婀,娿
媼,媪
嫋,嬝
嫂,㛮
媽,妈
嫗,妪
嫩,嫰
嫩,媆
嫺,嫻
嫺,𡢃
嫺,娴
嫻,嫺
嫻,𡢃
嫻,娴
嬌,娇
嬋,婵
嬪,娦
嬪,嫔
嬾,孄
嬾,孏
孃,嬢
孳,孶
學,学
學,斈
斈,学
斈,學
孺,𡦘
寃,冤
寇,冦
寇,𡨥
寇,宼
寇,㓂
寉,隺
實,実
實,实
寢,寝
寢,寑
寢,𡫒
寫,写
寫,冩
寶,宝
寶,寳
寶,寚
寳,宝
寳,寶
寳,寚
尅,剋
將,将
專,専
專,专
對,対
對,对
尓,爾
尓,尒
尓,尔
尠,尟
尢,尣
屁,𥧔
屆,届
屎,宩
屓,屭
屏,屛
屏,幈
屬,属
岷,崏
岷,㟭
岷,㞶
峩,峨
峽,峡
嶌,島
嶌,嶋
嶌,㠀
嶌,嶹
嶌,岛
崕,崖
崗,岡
崗,堽
崗,岗
嵜,崎
嵜,㟢
嵜,﨑
崟,崯
崑,崐
崢,峥
崙,崘
崘,崙
嵒,嵓
嵬,㟴
嵳,嵯
嶇,岴
嶇,岖
嶄,嶃
嶄,崭
嶢,嶤
嶢,𡸳
嶢,峣
嶬,㠖
嶮,𡸴
嶮,崄
嶽,岳
嶼,屿
巓,嵮
巓,巅
巓,巔
巒,峦
巖,巌
巖,巗
巛,川
巵,卮
帋,紙
帑,伖
帶,帯
帶,带
幃,帏
幀,帧
幔,㡢
幟,旘
幟,帜
幤,幣
幇,帮
幇,幫
幇,幚
并,幷
幺,么
麼,麽
麼,庅
廁,厠
廁,厕
廂,厢
廈,厦
廐,厩
廐,廏
廏,厩
廏,廐
廣,広
廝,厮
廚,厨
廚,㕑
廛,壥
廛,鄽
廛,㙻
廛,㕓
廢,廃
廢,废
廡,庑
廩,廪
廬,庐
廳,庁
廳,廰
廳,厅
廰,庁
廰,廳
廰,厅
廸,迪
弃,棄
弉,奘
彝,彜
彝,彛
彝,彞
彜,彝
彜,彛
彜,彞
弑,弒
彈,弾
彈,弹
彌,弥
彌,㣆
彎,弯
弯,彎
彑,彐
彙,彚
彙,𢑷
徃,往
徂,䢐
徑,径
徇,𢓈
徇,狥
從,従
從,从
徙,𨑒
忝,㤁
悳,徳
悳,𢛳
悳,恴
悳,惪
悳,㥁
恠,怪
怱,忩
怱,悤
怕,𢗌
恚,㤬
恪,愙
恪,㤩
恪,愘
恟,忷
恊,協
恊,协
恆,恒
恤,䘏
恤,卹
悖,愂
悋,恡
惡,悪
惡,僫
惡,恶
惠,恵
惠,僡
悴,忰
忰,悴
悽,恓
悵,怅
慍,愠
愆,諐
愡,憁
惻,恻
惱,悩
惱,𢚰
惱,恼
愨,慤
愨,悫
愧,愧
愼,慎
愼,眘
愴,怆
愽,博
慂,惥
慳,悭
慘,惨
慙,慚
慙,惭
慚,慙
慚,惭
慫,怂
慟,憅
憙,憘
憖,憗
憖,慭
憇,憩
憚,惮
憊,𢟡
憊,惫
憑,慿
憫,𢡻
憫,悯
憮,怃
懌,怿
懊,㤇
應,応
應,应
懷,懐
懈,𢢣
懍,懔
懦,懧
懣,𢡛
懣,懑
懺,懴
懴,懺
懿,㦤
懼,愳
懾,慑
戀,恋
戔,㦮
戛,戞
戞,戛
截,𢧵
戰,戦
戰,战
戲,戯
戲,戱
戲,戏
扼,㧖
拔,抜
拔,㧞
拏,拿
拿,拏
擔,担
拜,拝
拂,払
拇,胟
拯,抍
挾,挟
搜,捜
搜,𢯱
搜,摉
捏,揑
掎,𢰤
捫,扪
揀,拣
插,挿
插,揷
揶,捓
揄,𢶖
搖,揺
搖,摇
搖,㨱
搦,搻
搶,抢
攝,摂
攝,摄
搗,捣
摯,挚
摶,抟
攪,撹
攪,搅
撓,挠
撥,拨
撈,𢭐
撈,捞
據,拠
據,㩀
擇,択
擇,择
撻,挞
擘,孹
擂,攂
擱,搁
擧,挙
擧,舉
擧,举
舉,挙
舉,擧
舉,举
擠,挤
擡,抬
抬,擡
擣,𢭏
擣,捯
擯,摈
攬,揽
擴,拡
擴,扩
擲,掷
擺,摆
擽,攊
攜,携
攜,擕
攜,㩗
攜,𢹂
攅,攢
攅,攒
攤,摊
攤,擹
攣,挚
收,収
效,効
敕,勅
敍,叙
敍,敘
敘,叙
敘,敍
敲,㪣
數,数
數,𢿙
斂,敛
斂,㪘
變,変
變,变
斷,断
斷,𣃔
旃,旜
旃,𣃼
旆,斾
旁,㫄
旒,旈
旛,旙
旙,旛
昊,昦
昃,𣅦
昃,昗
昴,𣆻
晄,晃
晉,晋
晉,㬜
晝,昼
晟,晠
晢,晣
晰,晳
暈,晕
暎,映
暉,晖
暘,旸
曉,暁
曉,晓
曄,曅
曄,晔
曄,曗
曖,暧
曠,昿
曠,旷
昿,曠
昿,旷
曦,㬢
曵,曳
朏,𣍧
朖,朗
朖,朗
霸,覇
朮,术
朶,䒳
朶,朵
杆,桿
杤,栃
枩,松
枩,柗
枩,梥
枩,㮤
枩,枀
枦,櫨
枦,栌
枡,桝
枴,柺
柩,匛
檜,桧
栲,𣑥
档,檔
桿,杆
梟,枭
梔,栀
條,条
檮,梼
梹,檳
梹,槟
梹,㯽
椏,桠
椁,槨
棊,棋
棊,檱
棊,櫀
棊,㯦
椢,槶
棧,桟
棧,栈
棕,椶
椶,棕
棗,枣
棗,栆
楫,檝
楮,柠
楙,柕
楙,㮊
椰,㭨
楡,榆
榲,榅
榮,栄
榮,荣
槁,槀
榴,橊
槞,櫳
槞,㰍
槞,栊
槨,椁
樂,楽
樂,乐
權,権
權,权
槹,槔
槹,橰
槧,椠
樅,枞
樞,枢
樒,櫁
樒,榓
櫁,樒
櫁,榓
樣,様
樓,楼
橢,楕
橢,椭
橢,㰐
橢,㯐
橈,𣓤
橈,桡
樸,檏
檢,検
檢,检
檣,樯
檗,蘗
檗,檘
蘗,檗
蘗,檘
檻,槛
檳,梹
檳,槟
檳,㯽
櫞,橼
櫟,檪
櫟,栎
檪,櫟
檪,栎
櫚,榈
櫪,枥
櫻,桜
櫻,樱
欅,﨔
欅,榉
欅,櫸
蘖,櫱
櫺,欞
櫺,棂
欒,栾
欖,㰖
鬱,欝
鬱,欎
鬱,鬰
欟,𣠤
盜,盗
飮,飲
飮,㱃
歐,欧
歡,歓
歸,帰
歸,皈
歸,㱕
歸,归
歹,歺
歿,殁
殘,残
殲,殱
殱,殲
殼,殻
殼,壳
毆,殴
毓,育
麾,𪎮
氈,氊
氈,毡
氛,𣱦
氣,気
汳,汴
沒,没
泄,𣳘
泝,㴑
沱,沲
沱,𣵺
泯,冺
泪,涙
泪,淚
涓,㳙
浹,浃
浙,淛
濤,涛
涅,𣵀
渕,淵
渕,渊
渕,囦
渊,淵
渊,渕
渊,囦
涵,𣹢
淬,㳃
淨,浄
淺,浅
滿,満
溪,渓
溲,𣸈
滔,㴞
灌,潅
滾,滚
滲,涁
滲,渗
滯,滞
潸,澘
澁,渋
澁,澀
澀,渋
澀,澁
潛,潜
潛,濳
濳,潜
濳,潛
澂,澄
澂,瀓
澑,溜
澤,沢
澤,峄
濟,済
濕,湿
濕,溼
濬,𣽊
濱,浜
濱,濵
瀉,泻
濾,沪
潴,瀦
灣,湾
炯,烱
烱,炯
烟,煙
烟,𤇆
烽,熢
烽,㷭
煕,熙
煕,熈
煕,凞
煕,凞
煕,焈
熈,熙
熈,煕
熈,凞
熈,凞
熈,焈
煢,㷀
煢,焭
煖,煗
燻,熏
燗,𤏐
熹,熺
燒,焼
燼,烬
燼,㶳
爐,炉
爛,爤
爭,争
爲,為
爲,为
爼,俎
牆,墻
牆,墙
犢,㸿
犧,犠
犹,猶
犲,豺
狹,狭
倏,倐
猊,貎
猴,㺅
獎,奨
獎,奬
獎,㢡
獎,奖
獏,貘
默,黙
獨,独
獸,獣
獸,兽
獵,猟
獵,𤢪
獻,献
獺,㺚
玳,瑇
珎,珍
璢,瑠
琅,瑯
瑯,琅
琺,珐
瑰,瓌
瑣,𤨏
瑶,瑤
珱,瓔
瓣,弁
甌,瓯
甕,罋
甞,嘗
甞,𠹉
甞,尝
甦,𤯳
甼,町
畄,留
畄,畱
畍,界
畍,𨺬
畊,耕
畆,畝
畆,畒
畆,㽗
畆,畞
畆,畮
畆,亩
畚,奙
畧,略
畫,画
畭,畬
當,当
疆,畺
疆,壃
疆,疅
疇,疇
畴,疇
疊,畳
疊,疉
疊,疂
疊,㬪
疊,曡
疊,叠
疉,畳
疉,疊
疉,疂
疉,㬪
疉,曡
疉,叠
疂,畳
疂,疊
疂,疉
疂,㬪
疂,曡
疂,叠
瘉,癒
瘤,癅
瘻,瘘
癇,癎
癡,痴
癰,癕
發,発
發,彂
皃,貌
皃,㒵
皃,䫉
皈,帰
皈,歸
皈,㱕
皈,归
皋,皐
皋,臯
皸,皹
皹,皸
盂,𥁄
盍,盇
盍,𥁋
盖,蓋
盖,葢
盡,尽
盡,𥁞
盥,泴
盧,卢
蘯,蕩
眞,真
眥,眦
眦,眥
睨,𥆩
睥,睤
睿,叡
睿,壡
睹,覩
瞠,憆
瞞,𥈞
瞼,𥇥
矚,瞩
砒,磇
礦,砿
礪,砺
碎,砕
碪,砧
碾,𥑊
祀,禩
祕,秘
祓,𥘬
祿,禄
齋,斎
齋,斋
齋,夈
禪,禅
禮,礼
秕,粃
秣,䬴
稈,秆
稟,禀
禀,稟
稱,称
稻,稲
稾,稿
穗,穂
穉,稚
穉,稺
穩,穏
龝,秋
龝,穐
龝,秌
穰,穣
穹,宆
穽,阱
窗,窓
窗,窻
窗,牕
窗,䆫
窘,侰
竈,竃
竈,𥧄
竈,䆴
竈,灶
窰,窯
窰,窑
邃,𨗉
竊,窃
竝,並
竝,傡
筐,筺
筺,筐
笄,筓
筍,笋
笋,筍
筱,篠
筱,筿
筮,𥰫
筮,簭
箘,箟
箘,䇹
箟,箘
箟,䇹
箚,劄
箋,牋
箋,䇳
箋,㮍
箋,椾
箋,笺
箏,筝
筝,箏
篝,𥵡
簑,蓑
簑,簔
簔,蓑
簔,簑
篦,箆
籠,篭
簗,𥱋
籌,筹
籔,䉤
籀,籒
籐,籘
籘,籐
籤,籖
籖,籤
粃,秕
粳,秔
粳,稉
粮,糧
粹,粋
粽,糉
鬻,俼
糯,稬
糯,穤
糲,䊪
糴,籴
糶,粜
糺,糾
絋,纊
紮,紥
絲,糸
絲,丝
經,経
綉,繡
綉,繍
絛,縧
綫,線
總,総
總,摠
總,揔
總,緫
總,总
總,捴
總,搃
緜,綿
縣,県
縣,县
縱,縦
縉,縉
繦,繈
繪,絵
繩,縄
繼,継
繼,㡭
纃,緕
緕,纃
繿,襤
纉,纘
續,続
纒,纏
纓,䋝
纖,繊
纖,纎
纎,繊
纎,纖
纜,䌫
缺,欠
缺,缼
缺,𡙇
罐,缶
罸,罰
羃,冪
羃,幂
羈,覊
羇,覉
羌,羗
羣,群
羲,𦏁
羹,羮
羮,羹
譱,善
翆,翠
飜,翻
耋,耊
耨,槈
耻,恥
聟,婿
聟,壻
聨,聯
聲,声
聰,聡
聰,聦
聽,聴
肅,粛
冐,冒
胄,伷
胚,肧
脉,脈
脉,衇
脛,𦙾
胼,腁
腦,脳
腦,匘
腴,𦚤
膀,髈
膂,膐
膣,腟
腟,膣
膓,腸
膩,𧸐
膾,脍
膸,髄
膸,髓
膽,胆
臍,𦜝
臙,胭
臈,﨟
臟,臓
臺,台
臺,䑓
臺,坮
臾,㬰
舂,㫪
舂,𣇃
與,与
舊,旧
舊,𦾔
舍,舎
舐,䑛
舐,舓
舖,舗
舖,鋪
舩,船
艟,艨
艨,艟
艪,艣
艫,舮
舮,艫
艱,囏
艷,艶
艷,豔
艷,豓
艾,𦫿
芒,𥝕
苡,苢
苺,莓
莓,苺
茘,荔
莅,蒞
莖,茎
莊,荘
莊,㽵
莵,菟
菴,葊
菫,蓳
萠,萌
莽,莾
萸,茰
蔆,菱
萼,蕚
蕚,萼
蒭,芻
蒂,蔕
萬,万
葢,蓋
葢,盖
蔕,蒂
蕣,橓
蘂,蕊
蘂,蕋
蕋,蕊
蕋,蘂
蕭,䔥
薛,𧃎
藪,薮
薺,萕
藏,蔵
藝,芸
藥,薬
蘓,蘇
蘋,薲
蘆,芦
乕,虎
號,号
虱,蝨
蚋,蜹
蚌,蜯
蠣,蛎
蠣,蠇
蜿,䖤
蝟,猬
蝨,虱
蠅,蝿
螢,蛍
螂,蜋
雖,𨿽
雖,虽
蟇,蟆
蟆,蟇
螻,蝼
蟲,虫
蟲,䖝
蠏,蟹
蠎,蟒
蟒,蠎
蠶,蚕
蠶,蝅
蠶,蠺
蠹,蠧
蠹,螙
蠧,蠹
蠧,螙
蠻,蛮
衄,衂
衂,衄
衞,衛
衞,卫
袞,衮
衽,袵
袵,衽
裙,裠
裙,帬
裝,装
裹,褁
裴,裵
褌,裩
褓,緥
襃,褒
襄,㐮
褻,亵
襌,褝
褝,襌
襤,繿
襷,𧜎
覊,羈
覓,覔
覩,睹
覺,覚
覺,覐
覺,斍
覺,觉
覽,覧
觀,観
觧,解
觴,𨢩
觸,触
訛,譌
諂,讇
諫,諌
諤,讍
諛,䛕
謌,歌
謚,諡
諡,謚
謠,謡
謳,𧦅
譌,訛
證,証
譖,譛
譛,譖
譯,訳
譽,誉
讀,読
讎,讐
讒,䜛
讓,譲
讖,䜟
讚,讃
豁,𧯆
谿,𧮾
豈,岂
豌,𧯡
豎,竪
豐,豊
豬,猪
豬,猪
豺,犲
貂,鼦
貊,貃
貍,狸
貎,猊
貔,豼
豼,貔
貘,獏
貭,質
貳,弐
貳,貮
貮,弐
貮,貳
賤,賎
賣,売
賣,卖
賚,𧶛
賺,𧸖
贊,賛
贍,𩟋
贐,賮
贓,賍
賍,贓
赱,走
赱,𧺆
趁,趂
跋,䟦
踈,疎
踐,践
踴,踊
蹈,𨂻
蹕,𠌫
躊,踌
躬,躳
躰,体
躰,軆
躰,體
軆,体
軆,躰
軆,體
軛,軶
軣,轟
軫,𨋏
輕,軽
輒,輙
輙,輒
輜,輺
輛,輌
輌,輛
轉,転
轜,輀
轤,䡎
辣,辢
辭,辞
辭,辤
辭,辝
辯,弁
迥,逈
迥,䢛
迪,廸
迯,逃
邇,迩
迺,廼
逖,逷
逹,達
迸,逬
遒,逎
逎,遒
遞,逓
隨,随
隨,遀
遲,遅
遲,遟
邊,辺
邊,邉
邉,辺
邉,邊
邨,村
郤,郄
鄰,隣
鄰,厸
酣,佄
醉,酔
醫,医
醫,毉
釀,醸
釋,釈
釖,刀
釡,釜
釼,剣
釼,劍
釼,劔
釼,劒
釼,剱
釼,𠝏
釼,剑
釼,劎
鈬,鐸
鉤,鉤
銕,鉄
銕,鐵
銕,鐡
銜,啣
銜,㘅
銜,衘
鉚,𨥫
鋏,𨦇
銹,鏥
錙,鍿
錢,銭
鎭,鎮
鎔,熔
鏖,䥝
鏥,銹
鏘,𨪙
鏝,𨭜
鏤,𨩐
鐓,鐜
鐫,鎸
鐵,鉄
鐵,銕
鐵,鐡
鐡,鉄
鐡,銕
鐡,鐵
鑒,鑑
鑒,鍳
鑄,鋳
鑛,鉱
鑪,鈩
鈩,鑪
鑵,𨫝
鑽,鑚
鑚,鑽
鑿,𣫞
鑿,凿
閇,閉
閙,鬧
閠,閏
閹,剦
闊,濶
闊,𤄃
濶,闊
濶,𤄃
闃,閴
關,関
關,闗
陋,𨹟
陷,陥
陟,徏
陦,隯
險,険
隱,隠
隲,騭
隴,𨻫
隸,隷
雋,隽
雍,雝
襍,雑
襍,雜
襍,杂
雜,雑
雜,襍
雜,杂
霤,𩅸
靆,叇
靈,霊
靈,灵
靈,䨩
靈,㚑
靈,霛
靉,叆
靜,静
靱,靭
鞋,鞵
韈,韤
韜,鞱
韭,韮
齏,韲
齏,虀
齏,䪡
韲,齏
韲,虀
韲,䪡
韵,韻
頸,頚
頤,頥
頽,頹
頽,頺
顏,顔
顯,顕
顯,显
飄,飃
飃,飄
飆,飈
飆,飇
飆,颷
餉,𩜋
餘,余
餝,飾
餞,䬻
餠,餅
餬,𩚩
餾,𩞷
饒,𩜙
馘,聝
馮,冯
駝,駞
駻,馯
騷,騒
驅,駆
驂,騑
騾,驘
驛,駅
驗,験
驗,騐
驢,馿
髓,髄
髓,膸
體,体
體,躰
體,軆
髯,髥
髮,髪
鬢,鬂
鬢,髩
鬣,鬛
鬣,㲱
鬧,閙
鬪,闘
鬪,鬭
鬮,䰗
鬮,䦰
鯀,鮌
鯊,鯋
鰺,鯵
鰮,鰛
鰛,鰮
鰥,𩻄
鰲,鼇
鱸,魲
鳧,鳬
鳧,凫
鳬,鳧
鳬,凫
鴉,鵶
鴉,𩿎
鴈,雁
鴈,鳫
鳫,雁
鳫,鴈
鴃,鴂
鴪,鴥
鶯,鴬
鶯,鸎
鴟,𨾦
鵝,鵞
鵞,鵝
鵑,䳌
鵙,鶪
鵲,䧿
鶉,𨿡
鶚,𩀇
鷄,鶏
鷄,雞
鷄,𨿸
鷆,鷏
鷏,鷆
鹹,醎
鹽,塩
麁,麤
麕,麇
麥,麦
麩,麸
麩,麬
麸,麩
麸,麬
麪,麺
麪,麵
黎,𪏯
黏,粘
點,点
點,奌
點,㸃
黨,党
鼇,鰲
鼈,鱉
鼈,龞
皷,鼓
皷,鼔
鼡,鼠
齊,斉
齊,亝
齊,斊
齒,歯
齔,齓
齟,𪗱
齡,齢
齧,囓
齧,𪘂
齬,𪘚
龜,亀
堯,尭
堯,尧
槇,槙
遙,遥
瑤,瑶
凜,凛
熙,煕
熙,熈
熙,凞
熙,凞
熙,焈
俱,倶
𠀋,丈
你,儞
你,伱
侮,侮
俠,侠
倂,併
偀,英
僲,僊
僧,僧
儞,你
儞,伱
兊,兌
兊,兑
免,免
兕,𧰽
兗,兖
㒵,貌
㒵,皃
㒵,䫉
冝,宜
冝,宐
凞,熙
凞,煕
凞,熈
凞,凞
凞,焈
凢,凡
凢,凣
凮,風
凮,凬
凮,飌
凮,凨
刓,㝴
剗,刬
勈,勇
勉,勉
勖,勗
勖,朂
勛,勲
勛,勳
勛,勋
勤,勤
勻,匀
匀,勻
匇,匆
匇,囪
卑,卑
卑,𤰞
卣,𠧪
卽,即
厲,厉
呍,吽
咜,咤
咩,哶
啞,唖
啞,哑
喆,哲
喆,嚞
喆,啠
喆,悊
喝,喝
嗎,吗
嘆,嘆
器,器
器,噐
噯,嗳
噲,哙
嚙,噛
嚙,啮
嚞,哲
嚞,喆
嚞,啠
嚞,悊
嚳,喾
囉,啰
囊,嚢
𡈽,土
𡈽,圡
圡,土
圡,𡈽
坰,垧
坰,埛
坼,𡍩
垜,垛
𡌛,埜
𡌛,壄
𡌛,㙒
埿,泥
塚,塚
塡,填
塤,壎
塤,埙
塀,塀
增,増
墨,墨
墩,墪
壎,塤
壎,埙
壚,𡉴
壚,垆
壠,壟
壠,垄
壠,垅
虁,夔
虁,𡖂
妒,妬
姒,娰
婭,娅
媞,娲
嬙,嫱
剝,剥
𠮟,叱
孽,孼
寬,寛
寬,宽
尒,爾
尒,尓
尒,尔
尞,𤊽
尣,尢
尫,尩
尫,尪
尫,𡯪
㞍,尻
屢,屡
層,層
層,层
岪,𡶒
岺,岭
峴,岘
𡸴,嶮
𡸴,崄
㟢,崎
㟢,嵜
㟢,﨑
崍,崃
﨑,崎
﨑,嵜
﨑,㟢
嵆,嵇
嵇,嵆
嵓,嵒
嶠,峤
嶤,嶢
嶤,𡸳
嶤,峣
嶧,𡵸
嶸,峵
嶸,嵘
巋,岿
吞,呑
噓,嘘
巢,巣
幘,帻
廊,廊
廹,迫
弶,摾
弽,韘
彔,录
徵,徴
德,徳
德,悳
德,𢛳
德,恴
忞,忟
忩,怱
忩,悤
悔,悔
悞,悮
惕,悐
惸,𢞛
愜,㥦
愜,惬
愷,恺
慨,慨
憎,憎
懲,懲
戾,戻
抅,拘
拖,拕
挊,弄
挊,挵
捃,攈
捃,攟
揭,掲
搔,掻
摑,掴
摠,総
摠,總
摠,揔
摠,緫
摠,总
摠,捴
摠,搃
擎,㢣
撾,挝
撿,𢮦
撿,捡
擊,撃
擊,击
擷,撷
擻,擞
攢,攅
攢,攒
敏,敏
敏,勄
斝,斚
既,既
既,旣
昞,昺
昺,昞
昰,是
曻,昇
𣇄,鼎
𣇄,𪔂
𣇄,鼑
晚,晩
晚,𣆶
晳,晰
暑,暑
曆,暦
曈,晍
㬢,曦
曨,昽
曺,曹
曺,𣍘
朗,朗
朗,朖
枻,栧
柹,柿
柹,枾
柗,松
柗,枩
柗,梥
柗,㮤
柗,枀
栁,柳
栁,桺
栁,桞
栁,橮
桒,桑
梅,梅
梅,楳
梅,槑
梥,松
梥,枩
梥,柗
梥,㮤
梥,枀
﨔,欅
﨔,榉
﨔,櫸
槩,概
槩,槪
槪,概
槪,槩
槵,梙
槶,椢
橛,橜
橫,横
𣝣,爵
𣝣,𩰦
檔,档
檝,楫
櫧,槠
㰏,篙
欄,欄
欄,栏
欛,𣠽
欞,櫺
欞,棂
欵,款
欵,㱁
歖,喜
步,歩
歷,歴
歷,厯
歷,𠪱
殂,𣧫
殺,殺
每,毎
毗,毘
毗,𣬈
氳,氲
汙,汚
汙,污
沪,濾
汴,汳
泻,瀉
𣳾,泰
𣳾,㤗
𣳾,冭
海,海
涉,渉
淄,湽
淚,涙
淚,泪
淛,浙
渚,渚
渴,渇
溫,温
漢,漢
潑,溌
澔,浩
濵,浜
濵,濱
瀆,涜
瀆,凟
瀨,瀬
灝,𤂖
灞,㶚
灎,灩
灎,灔
灎,灧
灵,霊
灵,靈
灵,䨩
灵,㚑
灵,霛
焏,亟
焰,焔
焰,燄
焰,熖
焰,㷔
煑,煮
煑,煮
煮,煮
煮,煑
凞,熙
凞,煕
凞,熈
凞,凞
凞,焈
熅,煴
熺,熹
燄,焰
燄,焔
燄,熖
燄,㷔
爕,燮
牕,窓
牕,窗
牕,窻
牕,䆫
牖,牗
㸿,犢
犾,㹜
狀,状
狻,䝜
猨,猿
猪,猪
猪,豬
珉,瑉
珏,玨
琢,琢
瑇,玳
瓉,瓚
瓚,瓉
甁,瓶
甯,寗
甯,𡩋
畹,解
畹,説
畹,・
畹,構
畹,成
瘞,𨻊
皁,皂
皞,皡
皞,皥
盌,碗
盎,㼜
𥒎,碊
硏,研
碑,碑
𥔎,碕
礮,砲
礱,礲
社,社
祉,祉
祈,祈
祐,祐
祖,祖
祝,祝
神,神
祥,祥
禍,禍
禍,旤
禎,禎
福,福
禱,祷
秊,年
秔,粳
秔,稉
穀,穀
穀,糓
突,突
𥧄,竃
𥧄,竈
𥧄,䆴
𥧄,灶
窻,窓
窻,窗
窻,牕
窻,䆫
竽,𥫡
笻,筇
筇,笻
筭,算
節,節
篗,籰
篙,㰏
簞,箪
簠,㝬
簠,盙
䉤,籔
籹,粔
粔,籹
糕,餻
紣,綷
綠,緑
緖,緒
緣,縁
練,練
縕,緼
繁,繁
繁,䋣
繡,繍
繡,綉
纊,絋
纍,累
纍,絫
署,署
羗,羌
者,者
耼,聃
臭,臭
䑓,台
䑓,臺
䑓,坮
䑛,舐
䑛,舓
𦫿,艾
菑,葘
萊,莱
著,著
蒞,莅
蔣,蒋
﨟,臈
薰,薫
薰,蘍
蘒,蘒
虗,虚
虗,虛
虛,虚
虛,虗
虜,虜
䖝,虫
䖝,蟲
虬,虯
虵,蛇
虵,𧉮
蜋,螂
蝱,虻
蟖,蟴
蟬,蝉
蠟,蝋
蠟,䗶
裵,裴
褐,褐
覔,覓
視,視
視,眎
觥,觵
諐,愆
諸,諸
謁,謁
謹,謹
賓,賓
賓,賔
賓,宾
賴,頼
賾,𧷤
贈,贈
贒,賢
蹰,躕
軀,躯
䡄,軌
輭,軟
輶,輏
辦,办
迤,迆
逈,迥
逈,䢛
逸,逸
邛,卭
邢,郉
郄,郤
郞,郎
都,都
鄕,郷
鄕,乡
鄕,鄉
鄕,鄊
鄖,䢵
鄽,壥
鄽,廛
鄽,㙻
鄽,㕓
醬,醤
醱,醗
錄,録
鍊,錬
鏟,𨩱
䦰,鬮
䦰,䰗
隆,隆
雞,鶏
雞,鷄
雞,𨿸
難,難
霻,靊
靍,靎
靍,靏
靎,靍
靎,靏
靏,靍
靏,靎
響,響
響,响
頻,頻
顖,囟
顚,顛
類,類
飈,飆
飈,飇
飈,颷
飧,飱
飧,飡
騭,隲
騮,驑
騮,駵
騮,駠
驒,騨
髹,髤
鬂,鬢
鬂,髩
䰗,鬮
䰗,䦰
鬭,闘
鬭,鬪
魲,鱸
鷀,鶿
鷗,鴎
鹼,鹸
麤,麁
麬,麩
麬,麸
麯,麹
麯,麴
麴,麹
麴,麯
麵,麺
麵,麪
黃,黄
黑,黒
鼹,鼴
龐,厐
龐,庞
龢,和
龢,咊
姸,妍
屛,屏
屛,幈
幷,并
瘦,痩
繫,繋
丒,丑
么,幺
㐆,𠂣
亝,斉
亝,齊
亝,斊
㐮,襄
仐,傘
仐,𠍘
仐,伞
伖,帑
伷,胄
𠈓,倆
𠈓,俩
佸,𠈲
侚,伨
俦,儔
俦,𠍻
㑪,儕
㑪,侪
俲,傚
倀,伥
倐,倏
倢,偼
偂,前
偂,歬
傖,伧
𠌫,蹕
傻,儍
𠍱,集
𠍱,雧
僡,恵
僡,惠
僩,僴
㒒,僕
㒒,䑑
儈,侩
𠑊,儼
𠑊,俨
兠,兜
冣,最
冣,㝡
冭,泰
冭,𣳾
冭,㤗
凳,櫈
凴,凭
𠝏,剣
𠝏,劍
𠝏,釼
𠝏,劔
𠝏,劒
𠝏,剱
𠝏,剑
𠝏,劎
剜,𠛠
劄,箚
勊,勀
㔟,勢
㔟,势
卧,臥
卺,巹
卺,𧯢
厴,厣
㕝,事
㕝,亊
㕝,叓
叵,尀
呕,嘔
咊,和
咊,龢
咿,吚
啠,哲
啠,喆
啠,嚞
啠,悊
嘨,嘯
嘨,啸
嘰,叽
嘷,嗥
嘷,噑
嘽,啴
噠,哒
㘅,銜
㘅,啣
㘅,衘
嚌,哜
嚨,咙
嚭,噽
嚲,亸
囅,冁
囟,顖
囶,国
囶,國
囶,圀
囶,囯
囶,囻
𡉻,埣
坌,坋
𡉴,壚
𡉴,垆
坳,垇
坵,丘
坵,㐀
坵,丠
𡋤,壗
𡋗,𡑭
垨,守
埗,埠
埞,堤
墍,塈
墪,墩
𡑭,𡋗
壃,疆
壃,畺
壃,疅
壍,塹
壍,𡐛
壍,堑
壢,坜
壳,殻
壳,殼
夅,降
夔,虁
夔,𡖂
㚑,霊
㚑,靈
㚑,灵
㚑,䨩
㚑,霛
𡙇,欠
𡙇,缺
𡙇,缼
姍,姍
姧,奸
𡝂,妝
𡝂,娤
𡝂,妆
媠,嫷
媿,愧
嫰,嫩
嫰,媆
嫵,妩
嬀,妫
嬀,媯
嬈,娆
嬴,𡣍
嬭,妳
孌,娈
孼,孽
孿,孪
孿,㝈
𡧃,宇
𡧃,㝢
㝡,最
㝡,冣
㝢,宇
㝢,𡧃
寖,浸
寖,濅
寖,𣹦
㝬,簠
㝬,盙
寱,䆿
尩,尫
尩,尪
尩,𡯪
屨,屦
屩,屫
𡵸,嶧
㟁,岸
㟁,𡶜
𡶜,岸
𡶜,㟁
岧,岹
𡶒,岪
岭,岺
𡸳,嶢
𡸳,嶤
𡸳,峣
崐,崑
崫,崛
崦,嶖
㟴,嵬
㠀,島
㠀,嶋
㠀,嶌
㠀,嶹
㠀,岛
嶔,嵚
嶗,崂
嶲,雟
嶲,巂
嶴,岙
嶹,島
嶹,嶋
嶹,嶌
嶹,㠀
嶹,岛
巗,巌
巗,巖
巘,巚
㠯,以
帀,匝
㠶,帆
㠶,䑺
㠶,𩗋
帮,幇
帮,幫
帮,幚
㡡,幮
幫,幇
幫,帮
幫,幚
幬,𢃖
幬,帱
幮,㡡
庬,厖
庿,廟
庿,庙
廒,厫
𢌞,廻
𢌞,廽
廽,廻
廽,𢌞
弎,三
彲,彨
徏,陟
徤,健
忢,悟
㤗,泰
㤗,𣳾
㤗,冭
悊,哲
悊,喆
悊,嚞
悊,啠
𢛳,徳
𢛳,悳
𢛳,恴
𢛳,惪
𢛳,㥁
惛,惽
惮,憚
惲,恽
愙,恪
愙,㤩
愙,愘
慼,慽
𢡛,懣
𢡛,懑
憒,愦
憗,憖
憗,慭
憘,憙
懕,㦔
懕,恹
懕,懨
懟,怼
𢦏,𢦒
戩,戬
抙,捊
拕,拖
拽,捙
𢭏,擣
𢭏,捯
𢭐,撈
𢭐,捞
挲,挱
挵,弄
挵,挊
𢭆,抽
𢭆,㩅
捙,拽
𢮦,撿
𢮦,捡
掄,抡
掙,挣
𢰤,掎
揷,挿
揷,插
揔,総
揔,總
揔,摠
揔,緫
揔,总
揔,捴
揔,搃
摛,攡
摳,抠
撇,撆
撑,撐
撟,挢
擋,挡
擕,携
擕,攜
擕,㩗
擕,𢹂
擥,㩜
攄,摅
㩮,攑
攔,拦
攖,撄
斅,敩
斅,斆
斊,斉
斊,齊
斊,亝
斲,斵
斵,斲
㫖,旨
㫖,𠤔
旹,時
旹,时
㫪,舂
㫪,𣇃
𣇃,舂
𣇃,㫪
晣,晢
𣇵,晶
𣆶,晩
𣆶,晚
暭,暤
暭,曍
㬜,晋
㬜,晉
曬,晒
㫗,厚
㫗,垕
朙,明
𣏓,朽
𣏐,杓
𣏕,杮
杶,櫄
荣,栄
荣,榮
栐,柡
柒,漆
柰,奈
柰,㮈
𣑥,栲
栾,欒
桌,槕
桮,杯
桮,盃
桮,㮎
桺,柳
桺,栁
桺,桞
桺,橮
梘,枧
棻,梤
棻,㯣
𣓤,橈
𣓤,桡
棃,梨
棃,梸
棅,柄
棖,枨
㮈,奈
㮈,柰
㮍,椾
㮤,松
㮤,枩
㮤,柗
㮤,梥
㮤,枀
榘,矩
槀,槁
槑,梅
槑,梅
槑,楳
𣘺,橋
𣘺,槗
𣘺,桥
槮,椮
槳,㯍
槳,桨
㯍,槳
㯍,桨
樳,桪
樿,椫
橺,橌
檃,櫽
㯰,植
檟,槚
櫝,椟
櫬,榇
櫱,蘖
櫳,槞
櫳,㰍
櫳,栊
櫽,檃
𣠤,欟
欏,椤
欑,櫕
𣠽,欛
歘,欻
歬,前
歬,偂
歺,歹
殁,歿
𣪘,簋
毉,医
毉,醫
氊,氈
氊,毡
氎,㲲
沉,沈
㳃,淬
㳒,法
㳒,灋
㳒,佱
洤,泉
涁,滲
涁,渗
𣵀,涅
渗,滲
渗,涁
𣷹,添
㴑,泝
湌,餐
㴞,滔
滙,匯
漥,窪
澘,潸
𤂖,灝
𤄃,闊
𤄃,濶
灋,法
灋,㳒
灋,佱
㶚,灞
灔,灎
灔,灩
灔,灧
灩,灎
灩,灔
灩,灧
灮,光
灮,炗
灮,炛
灶,竃
灶,竈
灶,𥧄
灶,䆴
灾,災
灾,烖
炗,光
炗,灮
炗,炛
𤇆,煙
𤇆,烟
炱,炲
烬,燼
烬,㶳
焈,熙
焈,煕
焈,熈
焈,凞
焈,凞
㷀,煢
㷀,焭
㷔,焰
㷔,焔
㷔,燄
㷔,熖
熖,焰
熖,焔
熖,燄
熖,㷔
熢,烽
熢,㷭
燓,焚
爫,爫
爫,爫
爴,攫
牗,牖
犮,叐
㹨,狖
㺃,狗
猬,蝟
獯,𤣐
玅,妙
玨,珏
珡,琴
珡,琹
琹,琴
琹,珡
瓯,甌
𤭖,瓺
瓺,𤭖
㽗,畝
㽗,畆
㽗,畒
㽗,畞
㽗,畮
㽗,亩
甽,畎
甽,𤰝
畎,甽
畎,𤰝
畒,畝
畒,畆
畒,㽗
畒,畞
畒,畮
畒,亩
畬,畭
畱,留
畱,畄
畺,疆
畺,壃
畺,疅
㽵,荘
㽵,莊
瘘,瘻
𤺋,疹
癕,癰
皡,皞
皡,皥
皨,星
皨,曐
𥁊,鉢
𥁊,盋
𥁊,缽
𥁕,昷
𥄢,相
𥆩,睨
𥇥,瞼
睘,瞏
睪,睪
𥈞,瞞
瞩,矚
矤,矧
矦,侯
䂓,規
䂓,椝
䂓,槼
䂓,规
矴,碇
碊,𥒎
禩,祀
秌,秋
秌,穐
秌,龝
稛,稇
𥧔,屁
䆴,竃
䆴,竈
䆴,𥧄
䆴,灶
䆿,寱
𥫣,籅
䇳,箋
䇳,牋
䇳,㮍
䇳,椾
䇳,笺
筿,篠
筿,筱
筹,籌
𥱋,簗
簋,𣪘
籅,𥫣
籰,篗
𥹥,糖
𥹥,糛
𥹢,聞
糍,𩝐
糵,糱
䋆,纑
絚,緪
䋝,纓
𦀗,織
綷,紣
縉,縉
縧,絛
䌫,纜
纑,䋆
纘,纉
缼,欠
缼,缺
缼,𡙇
𦊆,罡
罡,𦊆
羐,羑
养,養
𣴎,羕
𣴎,𦍛
𦐂,翼
耊,耋
耈,耇
聃,耼
聦,聡
聦,聰
肤,膚
肧,胚
𦙾,脛
𦚰,脇
𦚰,䏮
脍,膾
䏮,脇
䏮,𦚰
𦜝,臍
