漢字,名乗り訓
亜,つぐ
阿,くま
愛,あき
愛,さね
愛,ちか
愛,ちかし
愛,つね
愛,なり
愛,なる
愛,のり
愛,ひで
愛,めぐむ
愛,やす
愛,よし
愛,より
逢,あい
葵,あおい
葵,まもる
茜,あかね
握,もち
渥,あつ
渥,あつし
渥,ひく
旭,あき
旭,あきら
旭,あさ
旭,あさひ
旭,てる
斡,まる
絢,あや
綾,あや
或,もち
安,さだ
安,やす
安,やすし
庵,いおり
杏,あん
杏,あんず
以,これ
以,さね
以,しげ
以,とも
以,のり
以,もち
以,ゆき
伊,いさ
伊,これ
伊,ただ
伊,よし
位,くら
位,たか
位,ただ
位,ただし
位,つら
位,なり
位,のり
位,ひこ
位,ひら
位,み
依,より
偉,いさむ
偉,たけ
偉,より
囲,もり
夷,ひな
夷,ひら
委,くつ
委,つく
委,とも
委,もろ
威,あきら
威,おどし
威,たか
威,たけ
威,たけし
威,たける
威,つよ
威,とし
威,なり
威,のり
尉,じょう
尉,やす
惟,あり
惟,これ
惟,ただ
惟,たもつ
惟,のぶ
惟,よし
意,お
意,おき
意,おさ
意,のり
意,むね
意,もと
意,よし
慰,のり
慰,やす
易,おさ
易,かぬ
易,かね
易,やす
易,やすし
為,さだ
為,しげ
為,す
為,すけ
為,た
為,ため
為,ち
為,なり
為,ゆき
為,よし
為,より
異,こと
異,より
移,のぶ
移,や
移,ゆき
移,よき
移,より
移,わたる
維,これ
維,しげ
維,すけ
維,すみ
維,ただ
維,たもつ
維,つな
維,つなぐ
維,ふき
維,ふさ
維,まさ
維,ゆき
緯,つかね
衣,きぬ
衣,そ
衣,みそ
遺,おく
医,おさむ
井,い
井,きよ
亥,い
亥,り
域,くに
域,むら
育,すけ
育,なり
育,なる
育,やす
郁,あや
郁,か
郁,かおる
郁,たかし
郁,ふみ
一,おさむ
一,か
一,かず
一,かた
一,かつ
一,くに
一,すすむ
一,ただ
一,ち
一,のぶ
一,はじむ
一,はじめ
一,ひ
一,ひじ
一,ひで
一,ひと
一,ひとし
一,まこと
一,まさし
一,もと
壱,かず
壱,さね
壱,もろ
溢,みつ
溢,みつる
逸,すぐる
逸,とし
逸,はつ
逸,はや
逸,まさ
逸,やす
稲,いな
稲,いね
稲,しね
稲,ね
允,あえ
允,おか
允,こと
允,さね
允,すけ
允,ただ
允,ちか
允,とう
允,のぶ
允,まこと
允,まさ
允,みつ
允,よし
印,あき
印,おき
印,おし
印,かね
印,しる
員,かず
員,さだ
因,ちなみ
因,なみ
因,ゆかり
因,よし
因,より
因,よる
引,のぶ
引,ひき
引,ひさ
胤,かず
胤,たね
胤,つぎ
胤,つぐ
胤,つづき
胤,み
蔭,かげ
陰,かげ
隠,やす
韻,おと
右,あきら
右,これ
右,すけ
右,たか
右,たすく
右,みぎ
宇,うま
宇,たか
宇,のき
羽,は
羽,わね
迂,とお
迂,ゆき
雨,さめ
雨,ふる
卯,あきら
卯,う
卯,しげ
卯,しげる
丑,うし
丑,ひろ
唄,うた
姥,おけ
姥,とめ
浦,うら
浦,ら
閏,うる
云,おき
云,これ
云,とも
云,ひと
運,かず
運,はこぶ
運,やす
運,ゆき
雲,くも
雲,も
雲,ゆく
叡,あきら
叡,さと
叡,さとし
叡,ただ
叡,とおる
叡,とし
叡,まさ
叡,よし
営,のり
営,よし
影,かげ
映,あき
映,あきら
映,てる
映,みつ
曳,とお
曳,のぶ
栄,さか
栄,さかえ
栄,さこう
栄,しげ
栄,しげる
栄,たか
栄,てる
栄,とも
栄,なが
栄,はる
栄,ひさ
栄,ひさし
栄,ひで
栄,ひろ
栄,まさ
栄,よし
永,つね
永,なが
永,ながし
永,のぶ
永,のり
永,はるか
永,ひさ
永,ひさし
永,ひら
瑛,あき
瑛,あきら
瑛,てる
英,あきら
英,あや
英,すぐる
英,たけし
英,つね
英,てる
英,とし
英,はな
英,はなぶさ
英,ひで
英,ひでる
英,ひら
英,ふさ
英,ぶさ
英,よし
衛,ひろ
衛,まもり
衛,まもる
衛,もり
衛,よし
詠,うた
詠,かぬ
詠,かね
詠,なが
鋭,さとき
鋭,とき
鋭,とし
益,あり
益,すすむ
益,のり
益,まし
益,ます
益,また
益,み
益,みつ
益,よし
悦,のぶ
悦,よし
謁,つく
謁,ゆく
越,お
越,こえ
越,こし
閲,かど
閲,み
榎,え
円,かず
円,つぶら
円,のぶ
円,まどか
円,まる
円,みつ
園,その
奄,ひさ
宴,もり
宴,やす
宴,よし
延,すけ
延,すすむ
延,ただし
延,なが
延,のぶ
延,のぶる
援,すけ
演,のぶ
演,ひろ
演,ひろし
燕,てる
燕,なる
燕,やす
燕,よし
猿,さる
縁,まさ
縁,むね
縁,やす
縁,ゆか
縁,よし
縁,より
艶,おお
艶,つや
艶,もろ
艶,よし
苑,その
遠,とお
塩,しお
央,あきら
央,ちか
央,てる
央,なか
央,なかば
央,ひさ
央,ひさし
央,ひろ
央,ひろし
奥,うち
奥,おき
奥,おく
奥,すみ
奥,ふか
奥,むら
往,なり
往,ひさ
往,もち
往,ゆき
往,よし
応,かず
応,たか
応,のぶ
応,のり
応,まさ
押,おし
旺,あきら
横,み
横,よこ
王,き
王,きみ
王,たか
王,わ
王,わか
翁,おい
翁,おき
翁,おきな
翁,とし
翁,ひと
黄,かつみ
黄,き
岡,おか
沖,おき
沖,なか
沖,ふかし
荻,おぎ
億,はかる
億,やす
屋,いえ
屋,や
憶,ぞう
乙,お
乙,おと
乙,き
乙,くに
乙,たか
乙,つぎ
乙,つぐ
乙,と
乙,とどむ
恩,おき
恩,めぐみ
温,あつ
温,あつし
温,いろ
温,すなお
温,ただす
温,つつむ
温,なが
温,ならう
温,のどか
温,はる
温,まさ
温,みつ
温,やす
温,ゆたか
温,よし
穏,しず
穏,とし
穏,やす
穏,やすき
音,お
音,おと
音,と
音,なり
音,ね
下,し
下,じ
下,した
下,しも
下,もと
化,のり
何,いず
何,なに
佳,よし
可,あり
可,とき
可,よく
可,よし
可,より
嘉,ひろ
嘉,よし
嘉,よしみ
嘉,よみし
夏,なつ
家,いえ
家,え
家,お
家,や
家,やか
科,しな
果,あきら
果,はた
果,はたす
果,まさる
架,みつ
歌,うた
河,かわ
火,ひ
火,ほ
禍,まが
禾,いね
禾,のぎ
禾,ひいず
禾,ひで
稼,たか
稼,たね
箇,かず
箇,とも
花,はな
花,はる
花,もと
荷,もち
華,は
華,はな
華,はる
貨,たか
霞,かすみ
蚊,か
牙,かび
芽,め
芽,めい
賀,いわう
賀,しげ
賀,のり
賀,ます
賀,よし
賀,より
雅,ただ
雅,ただし
雅,つね
雅,なり
雅,のり
雅,ひとし
雅,まさ
雅,まさし
雅,まさり
雅,まさる
雅,みやび
雅,もと
駕,のり
介,あき
介,かたし
介,すけ
介,たすく
介,ゆき
介,よし
会,あい
会,あう
会,かず
会,さだ
会,はる
会,もち
解,さとる
解,とき
解,ひろ
壊,つち
廻,のり
快,はや
快,やす
快,よし
怪,やす
怪,よし
恢,ひろ
懐,かぬ
懐,かね
懐,きたす
懐,たか
懐,ちか
懐,つね
懐,もち
懐,やす
改,あら
魁,いさお
魁,いさむ
魁,つとむ
魁,はじめ
海,あま
海,うな
海,うみ
海,み
灰,はい
界,さかい
皆,とも
皆,み
皆,みち
皆,みな
開,さく
開,はる
開,はるき
開,ひら
開,ひらかす
開,ひらき
開,ひらく
階,とも
階,はし
階,より
貝,かい
凱,たのし
凱,とき
凱,よし
外,そと
外,と
外,との
外,ひろ
外,ほか
概,むね
該,かた
該,かぬ
該,かね
該,もり
馨,か
馨,かおり
馨,かおる
馨,きよ
馨,よし
垣,かき
垣,たか
垣,はん
柿,かき
各,まさ
拡,ひろ
拡,ひろし
拡,ひろむ
格,いたる
格,きわめ
格,ただ
格,ただし
格,ただす
格,つとむ
格,のり
格,まさ
確,あきら
確,かた
確,かたし
確,たしか
穫,え
穫,みのる
覚,あき
覚,あきら
覚,さだ
覚,さと
覚,さとし
覚,さとる
覚,ただ
覚,ただし
覚,よし
角,かど
角,すみ
角,つぬ
角,つの
角,ふさ
角,み
較,あつ
較,とお
較,なお
郭,ひろ
閣,はる
学,あきら
学,さと
学,さとる
学,さね
学,たか
学,のり
学,ひさ
学,まなぶ
学,みち
岳,おか
岳,たか
岳,たかし
楽,ささ
楽,たのし
楽,もと
楽,よし
額,ぬか
梶,かじ
梶,こずえ
潟,かた
割,さき
活,いく
葛,かず
葛,かつら
葛,かど
葛,くず
葛,さち
葛,つら
葛,ふじ
且,かつ
叶,かない
叶,かのう
叶,やす
樺,かば
株,もと
株,より
鎌,かた
鎌,かね
鎌,かま
鴨,かも
鴨,まさ
茅,かや
茅,ち
萱,かや
萱,ただ
萱,まさ
乾,きみ
乾,すすむ
乾,たけし
乾,つとむ
乾,ふ
侃,あきら
侃,すなお
侃,ただ
侃,ただし
侃,つよし
侃,なお
侃,やす
寒,さむ
寒,ふゆ
勘,さだ
勘,さだむ
勘,のり
勧,すすむ
勧,ゆき
巻,まき
巻,まる
堪,たえ
堪,ひで
完,さだ
完,たもつ
完,なる
完,ひろ
完,ひろし
完,まさ
完,また
完,またし
完,みつ
完,ゆたか
官,おさ
官,きみ
官,これ
官,たか
官,のり
官,ひろ
寛,ちか
寛,とお
寛,とも
寛,のぶ
寛,のり
寛,ひと
寛,ひろ
寛,ひろし
寛,ゆたか
寛,よし
干,たく
干,たて
干,ほす
干,もと
幹,えだ
幹,から
幹,き
幹,くる
幹,たかし
幹,たる
幹,つね
幹,つよし
幹,とし
幹,とも
幹,まさ
幹,み
幹,みき
幹,もと
幹,もとき
幹,よし
幹,よみ
幹,より
慣,みな
換,やす
敢,いさむ
敢,いさみ
款,すけ
款,ただ
款,まさ
款,ゆく
款,よし
歓,よし
漢,あや
漢,かみ
漢,くに
漢,なら
環,たま
環,たまき
環,わ
甘,かい
甘,よし
監,あき
監,あきら
監,かね
監,ただ
監,てる
監,み
看,あきら
看,み
看,みつ
看,みる
管,うち
管,すげ
簡,あきら
簡,ひろ
簡,ふみ
簡,やすし
緩,のぶ
緩,ひろ
緩,ふさ
緩,やす
缶,べ
観,あき
観,しめす
観,まろ
観,み
観,みる
貫,つら
貫,とおる
貫,ぬき
鑑,あき
鑑,あきら
鑑,かた
鑑,かね
鑑,しげ
鑑,のり
鑑,み
鑑,みる
間,ちか
間,はし
間,ま
閑,しず
閑,のり
閑,もり
閑,やす
閑,より
関,せき
関,とおる
関,み
関,もり
館,たて
丸,まる
丸,まろ
含,もち
岸,きし
巌,いわ
巌,いわお
巌,お
巌,みち
巌,みね
巌,よし
玩,よし
眼,め
岩,いわ
岩,いわお
岩,かた
岩,せき
岩,たか
企,もと
喜,このむ
喜,たのし
喜,とし
喜,のぶ
喜,はる
喜,ひさ
喜,ゆき
喜,よし
器,かた
基,のり
基,はじむ
基,はじめ
基,もと
基,もとい
奇,あや
奇,くし
奇,くす
奇,より
嬉,よし
寄,より
岐,ふなど
岐,みち
希,まれ
幾,いく
幾,おき
幾,ちか
幾,ちかし
幾,のり
幾,ふさ
旗,たか
旗,はた
期,さね
期,とき
期,とし
棄,すて
機,のり
機,はた
帰,よと
帰,より
毅,かた
毅,こわし
毅,たか
毅,たけ
毅,たけし
毅,つよ
毅,つよき
毅,つよし
毅,とし
毅,のり
毅,はた
毅,はたす
気,おき
畿,ちか
季,すえ
季,とき
季,とし
季,ひで
季,みのる
稀,まれ
紀,あき
紀,おさ
紀,おさむ
紀,かず
紀,かなめ
紀,こと
紀,しるす
紀,すみ
紀,ただ
紀,ただし
紀,つぐ
紀,つな
紀,とし
紀,のり
紀,はじめ
紀,もと
紀,よし
徽,よし
規,ただ
規,ただし
規,ただす
規,ちか
規,なり
規,のり
規,み
規,もと
記,しるす
記,とし
記,なり
記,のり
記,ふさ
記,ふみ
記,よし
貴,あつ
貴,あて
貴,たか
貴,たかし
貴,たけ
貴,むち
貴,よし
起,おき
起,おこす
起,かず
起,たつ
起,ゆき
軌,のり
輝,あきら
輝,かがやき
輝,てる
輝,ひかる
騎,のり
鬼,おに
亀,あま
亀,あや
亀,かめ
亀,すすむ
亀,ながし
亀,ひさ
亀,ひさし
儀,きたる
儀,ただし
儀,のり
儀,よし
宜,き
宜,すみ
宜,たか
宜,なり
宜,のぶ
宜,のり
宜,のる
宜,まさ
宜,やす
宜,よし
宜,よろし
技,あや
技,わざ
祇,けさ
祇,つみ
祇,のり
祇,まさ
祇,もと
義,あき
義,いさ
義,しげ
義,たけ
義,ただし
義,ちか
義,つとむ
義,とも
義,のり
義,みち
義,よし
義,より
誼,こと
誼,よし
議,かた
議,のり
菊,あき
菊,ひ
鞠,つぐ
鞠,まり
鞠,みつ
吉,さち
吉,とみ
吉,はじめ
吉,よ
吉,よし
橘,たちばな
砧,きぬ
杵,き
杵,きね
客,ひと
客,まさ
脚,あし
脚,し
逆,さか
丘,お
丘,おか
丘,たか
丘,たかし
久,つね
久,なが
久,ひこ
久,ひさ
久,ひさし
休,たね
休,のぶ
休,やす
休,やすむ
休,よし
及,いたる
及,しき
及,たか
及,ちか
宮,いえ
宮,たか
宮,みや
弓,ゆ
弓,ゆみ
救,すけ
救,たすく
救,なり
救,ひら
救,やす
朽,え
求,ひで
求,まさ
求,もと
求,もとむ
汲,くみ
泣,なき
球,たま
究,きわみ
究,きわむ
究,さた
究,さだ
究,すみ
究,み
窮,きわむ
窮,み
級,しな
糾,ただ
糾,ただし
糾,ただす
給,たり
給,はる
旧,ひさ
旧,ふさ
旧,ふる
旧,もと
牛,うし
牛,とし
去,さる
去,なる
居,い
居,おき
居,おり
居,さや
居,すえ
居,やす
居,より
巨,お
巨,おお
巨,なお
巨,まさ
巨,み
拠,より
挙,しげ
挙,たか
挙,たつ
挙,ひら
許,もと
許,ゆく
魚,いお
魚,うお
魚,お
魚,な
亨,あき
亨,あきら
亨,すすむ
亨,ちか
亨,とおる
亨,とし
亨,なお
亨,なが
亨,なり
亨,みち
亨,ゆき
享,あきら
享,すすむ
享,たか
享,つら
享,みち
享,ゆき
京,あつ
京,おさむ
京,たかし
京,ちか
京,ひろし
供,とも
競,きそう
共,たか
共,とも
協,かのう
協,やす
匡,たすく
匡,ただ
匡,ただし
匡,ただす
匡,まさ
匡,まさし
卿,あき
卿,あきら
卿,のり
喬,すけ
喬,たか
喬,たかし
喬,ただ
喬,のぶ
喬,もと
境,さかい
強,あつ
強,かつ
強,こわ
強,すね
強,たけ
強,つとむ
強,つよ
強,つよし
恭,うや
恭,すみ
恭,たか
恭,たかし
恭,ただ
恭,ただし
恭,ちか
恭,つか
恭,のり
恭,みつ
恭,やす
恭,やすし
恭,ゆき
恭,よし
挟,さし
挟,もち
教,おしえ
教,かず
教,こ
教,たか
教,なり
教,のり
教,みち
教,ゆき
橋,たか
橋,はし
狂,よし
狭,さ
矯,いさみ
矯,たけし
矯,ただ
胸,むね
興,おき
興,き
興,さかり
興,さかん
興,さき
興,とも
興,ふか
興,ふさ
郷,あき
郷,あきら
郷,さと
郷,のり
鏡,あき
鏡,あきら
鏡,かがみ
鏡,かね
鏡,とし
鏡,み
響,おと
響,ひびき
驚,とし
仰,たか
仰,もち
凝,こおる
凝,こり
尭,あき
尭,たか
尭,たかし
尭,のり
暁,あかつき
暁,あき
暁,あきら
暁,あけ
暁,さとし
暁,さとる
暁,とき
暁,とし
業,おき
業,かず
業,くに
業,なり
業,のぶ
業,のり
業,はじめ
業,ふさ
局,ちか
局,つぼね
曲,くま
曲,のり
極,きわ
極,きわむ
極,きわめ
極,なか
極,むね
玉,きよ
玉,たま
桐,きり
桐,ひさ
僅,よし
勤,いそ
勤,いそし
勤,つとむ
勤,とし
勤,のり
均,お
均,ただ
均,なお
均,なり
均,ひとし
均,ひら
均,まさ
錦,かね
錦,にしき
斤,のり
欣,やすし
欣,よし
欽,うや
欽,こく
欽,ただ
欽,ひとし
欽,まこと
欽,よし
琴,こと
芹,せり
襟,ひも
謹,すすむ
謹,ちか
謹,なり
謹,のり
謹,もり
近,ちか
近,もと
金,か
金,かな
金,かね
吟,あきら
吟,おと
吟,こえ
銀,かね
銀,しろがね
九,かず
九,ここ
九,ただ
九,ちか
九,ちかし
九,ひさ
玖,き
玖,く
玖,たま
玖,ひさ
矩,かど
矩,かね
矩,ただし
矩,ただす
矩,つね
矩,のり
駒,こま
具,とも
虞,すけ
虞,もち
虞,やす
空,たか
偶,とも
偶,ます
遇,あい
遇,あう
遇,はる
隅,すみ
隅,ふさ
串,くし
櫛,きよ
櫛,くし
釧,たまき
屑,きよ
沓,かず
熊,かげ
熊,くま
桑,くわ
勲,いさ
勲,いさお
勲,いそ
勲,こと
勲,つとむ
勲,ひろ
君,きみ
君,きん
君,こ
君,すえ
君,なお
君,よし
薫,かお
薫,かおる
薫,くる
薫,しげ
薫,ただ
薫,つとむ
薫,にお
薫,のぶ
薫,ひで
薫,ふさ
薫,まさ
薫,ゆき
訓,くに
訓,しる
訓,とき
訓,のり
訓,みち
群,とも
群,むら
群,むれ
群,もと
軍,いく
軍,いくさ
軍,いさ
軍,すすむ
軍,むら
軍,むれ
郡,くに
郡,さと
郡,とも
袈,けさ
係,たえ
傾,かたぶ
刑,のり
兄,あに
兄,え
兄,えだ
兄,これ
兄,さき
兄,しげ
兄,ただ
兄,ね
兄,よし
啓,あきら
啓,さとし
啓,はじめ
啓,はる
啓,ひら
啓,ひらき
啓,ひらく
啓,ひろ
啓,ひろし
啓,ひろむ
啓,よし
圭,か
圭,かど
圭,きよ
圭,きよし
圭,たま
圭,よし
契,ちぎる
契,ひさ
形,あれ
形,かた
形,すえ
形,なり
形,み
形,より
径,みち
恵,あや
恵,さと
恵,さとし
恵,しげ
恵,とし
恵,めぐみ
恵,めぐむ
恵,やす
恵,よし
慶,ちか
慶,のり
慶,みち
慶,やす
慶,よし
慧,あきら
慧,さと
慧,さとし
慧,さとる
憩,やす
掲,なが
敬,あき
敬,あつ
敬,いつ
敬,うや
敬,かた
敬,さとし
敬,たか
敬,たかし
敬,とし
敬,のり
敬,はや
敬,ひろ
敬,ひろし
敬,ゆき
敬,よし
景,あきら
景,かげ
景,ひろ
渓,たに
稽,とき
稽,のり
稽,よし
系,いと
系,つぎ
系,つら
系,とし
経,おさむ
経,つね
経,のぶ
経,のり
経,ふ
経,ふる
継,つぎ
継,つぐ
継,つね
継,ひで
茎,くき
計,かず
計,かずえ
計,はかる
詣,ゆき
軽,かる
軽,とし
芸,き
芸,ぎ
芸,すけ
芸,のり
芸,まさ
鯨,くじら
傑,すぐる
傑,たかし
傑,たけし
決,さだ
潔,きよ
潔,きよし
潔,ゆき
潔,よし
穴,これ
穴,な
結,かた
結,ひとし
結,ゆい
血,ち
月,つき
月,つぎ
件,かず
件,なか
件,わか
健,かつ
健,きよ
健,きよし
健,たけ
健,たけし
健,たける
健,たつ
健,たて
健,たる
健,つよ
健,つよし
健,とし
健,まさる
健,やす
兼,かず
兼,かた
兼,かぬ
兼,かね
兼,とも
剣,あきら
剣,つとむ
剣,つるぎ
剣,はや
喧,はる
堅,かき
堅,かた
堅,かたし
堅,すえ
堅,たか
堅,つよし
堅,み
堅,よし
建,たけ
建,たけし
建,たける
建,たつ
建,たつる
建,たて
憲,あきら
憲,かず
憲,さだ
憲,ただし
憲,ただす
憲,とし
憲,のり
懸,とお
懸,はる
拳,かたし
拳,つとむ
権,のり
権,よし
牽,くる
牽,とき
牽,とし
牽,ひき
牽,ひた
献,たけ
研,あき
研,きし
研,きよ
研,よし
絹,きぬ
絹,まさ
県,あがた
県,さと
県,むら
見,あき
見,あきら
見,ちか
見,み
謙,あき
謙,かた
謙,かね
謙,しず
謙,のり
謙,ゆずる
謙,よし
賢,かた
賢,かつ
賢,さか
賢,さかし
賢,さと
賢,さとし
賢,さとる
賢,すぐる
賢,たか
賢,ただ
賢,とし
賢,まさ
賢,まさる
賢,ます
賢,やす
軒,のき
鍵,かぎ
険,たか
険,のり
顕,あき
顕,あきら
顕,たか
顕,てる
験,とし
元,あさ
元,ちか
元,つかさ
元,なが
元,はじむ
元,はじめ
元,はる
元,まさ
元,もと
元,ゆき
元,よし
原,おか
原,はじめ
原,はら
原,もと
厳,いかし
厳,いず
厳,いつ
厳,いつき
厳,いわ
厳,かね
厳,たか
厳,つよ
厳,ひろ
厳,よし
弦,いと
弦,お
弦,つる
弦,ふさ
減,き
源,はじめ
源,もと
源,よし
玄,くろ
玄,しず
玄,しずか
玄,つね
玄,とお
玄,はじめ
玄,はる
玄,はるか
玄,ふか
玄,ふかし
現,あり
現,み
絃,いと
絃,お
絃,つる
言,あき
言,あや
言,こと
言,とき
言,とし
言,とも
言,のぶ
言,のり
言,ゆき
諺,おう
諺,こと
諺,たけし
乎,か
古,たか
古,ひさ
古,ふる
呼,うん
呼,おと
呼,こえ
呼,よぶ
固,かた
固,かたし
固,かたむ
固,たか
固,み
固,もと
孤,かず
孤,とも
己,おと
己,な
庫,くら
戸,いえ
戸,かど
戸,と
戸,ど
戸,ひろ
戸,べ
戸,もり
故,ひさ
故,ふる
故,もと
湖,ひろし
胡,ひさ
虎,たけ
虎,とら
顧,み
五,い
五,いず
五,いつ
五,かず
五,ゆき
伍,あつむ
伍,いつ
伍,くみ
伍,とも
伍,ひとし
午,うま
午,ま
呉,くに
呉,くれ
吾,あ
吾,みち
吾,わが
吾,われ
後,しつ
後,ちか
後,のち
後,のり
後,もち
御,お
御,おき
御,おや
御,のり
御,み
御,みつ
悟,さと
悟,さとし
悟,さとる
悟,のり
語,かた
語,かたり
語,こと
語,つぐ
護,さね
護,まもる
護,もり
鯉,こい
交,かた
交,とも
交,みち
交,よしみ
侯,きぬ
侯,きみ
侯,とき
侯,よし
候,そろ
候,とき
候,みよ
候,よし
倖,さち
光,あき
光,あきら
光,あり
光,かぬ
光,かね
光,さかえ
光,てる
光,ひかり
光,ひかる
光,ひこ
光,ひろ
光,ひろし
光,みつ
光,みつる
公,あきら
公,いさお
公,きみ
公,きん
公,さと
公,たか
公,ただ
公,ただし
公,とおる
公,とも
公,なお
公,ひと
公,ひろ
公,まさ
公,ゆき
功,あう
功,あつ
功,いさ
功,いさお
功,いさおし
功,かた
功,かつ
功,こと
功,つとむ
功,なり
功,なる
功,のり
効,いたる
効,かず
効,かた
効,すすむ
効,なり
効,のり
厚,あつ
厚,あつし
厚,ひろ
厚,ひろし
口,あき
口,くち
口,ひろ
向,ひさ
向,むか
向,むかう
向,むき
向,むけ
后,きみ
后,のち
好,この
好,このむ
好,すみ
好,たか
好,み
好,よし
好,よしみ
孔,うし
孔,ただ
孔,みち
孔,よし
孝,あつ
孝,たか
孝,たかし
孝,なり
孝,のり
孝,みち
孝,もと
孝,ゆき
孝,よし
宏,あつ
宏,ひろ
宏,ひろし
工,たくみ
工,ただ
工,つとむ
工,のり
工,よし
巧,たえ
巧,たくみ
巧,よし
巷,さと
幸,さい
幸,さき
幸,さち
幸,たか
幸,たつ
幸,とみ
幸,とも
幸,ひで
幸,みゆき
幸,むら
幸,ゆき
幸,よし
広,お
広,たけ
広,とう
広,ひろ
広,ひろし
広,みつ
庚,か
庚,つぐ
庚,やす
康,しず
康,しずか
康,みち
康,やす
康,やすし
康,よし
弘,お
弘,ひろ
弘,ひろし
弘,ひろむ
弘,みつ
恒,ちか
恒,つね
恒,のぶ
恒,ひさ
恒,ひさし
恒,ひとし
恒,わたる
攻,おさむ
攻,たか
攻,よし
昂,あき
昂,あきら
昂,たか
昂,たかし
昂,のぼる
更,さら
更,とお
更,とく
更,のぶ
校,とし
校,なり
江,え
江,きみ
江,ただ
江,のぶ
洪,おお
洪,ひろ
洪,ひろし
浩,いさむ
浩,おおい
浩,きよし
浩,はる
浩,ひろ
浩,ひろし
浩,ゆたか
港,みなと
溝,みぞ
甲,か
甲,かつ
甲,き
甲,きのえ
甲,まさる
皇,すべ
皇,すめら
硬,かた
硬,かたし
紅,あか
紅,いろ
紅,くれ
紅,べに
紅,もみ
紘,ひろ
紘,ひろし
綱,つな
綱,つね
耕,おさむ
耕,たがやす
耕,つとむ
耕,やす
考,たか
考,ただ
考,ちか
考,とし
考,なか
考,なり
考,なる
考,のり
考,やす
考,よし
肯,さき
肯,むね
航,わたる
荒,あら
荒,あらら
荒,ら
行,あきら
行,き
行,たか
行,つら
行,のり
行,ひら
行,みち
行,もち
行,やす
行,ゆき
衡,ちか
衡,ひで
衡,ひとし
衡,ひら
衡,ひろ
衡,まもる
講,つぐ
講,のり
講,みち
貢,すすむ
貢,つぐ
貢,みつ
貢,みつぎ
貢,みつぐ
郊,おか
郊,さと
郊,ひろ
鉱,かね
鋼,かた
項,うじ
香,か
香,かおり
香,かおる
香,たか
香,よし
高,あきら
高,うえ
高,かぎり
高,すけ
高,たか
高,たかい
高,たかし
高,たけ
高,ほど
鴻,とき
鴻,ひろ
鴻,ひろし
剛,かた
剛,かたし
剛,こわし
剛,たか
剛,たかし
剛,たけ
剛,たけし
剛,つよ
剛,つよし
剛,ひさ
剛,まさ
剛,よし
号,な
号,なづく
合,あい
合,あう
合,かい
合,はる
合,よし
豪,かた
豪,かつ
豪,すぐる
豪,たけ
豪,たけし
豪,つよ
豪,つよし
豪,とし
豪,ひで
克,いそし
克,かつ
克,かつみ
克,すぐる
克,たえ
克,なり
克,まさる
克,よし
刻,とき
告,しめす
告,つぐ
国,くに
国,とき
穀,よし
穀,より
酷,あつ
黒,くろ
今,いま
墾,つとむ
墾,ひらく
昆,ひ
昆,ひで
昆,やす
根,ね
根,もと
混,むら
混,むろ
魂,たま
魂,みたま
魂,もと
佐,すけ
佐,たすく
佐,よし
左,すけ
差,しな
差,すけ
沙,いさ
沙,す
砂,いさご
砂,すな
座,おき
座,くら
催,とき
最,いろ
最,かなめ
最,たかし
最,まさる
最,も
最,ゆたか
最,よし
哉,えい
哉,か
哉,かな
哉,き
哉,すけ
哉,ちか
哉,とし
哉,はじめ
哉,や
塞,せき
妻,つま
宰,おさむ
宰,かみ
宰,すず
宰,ただ
宰,つかさ
彩,あや
彩,いろ
彩,たみ
才,かた
才,たえ
才,とし
才,もち
採,もち
栽,たね
歳,とし
歳,とせ
済,お
済,かた
済,すみ
済,ただ
済,なり
済,なる
済,まさ
済,ます
済,やす
済,よし
済,わたす
済,わたり
済,わたる
采,あや
采,うね
采,こと
犀,かた
斎,いつ
斎,いつき
斎,いわい
斎,きよ
斎,ただ
斎,とき
斎,ひとし
斎,よし
細,くわし
菜,な
載,こと
載,とし
載,のり
載,はじめ
際,きわ
在,あき
在,あきら
在,あり
在,すみ
在,とお
在,まき
在,みつる
材,えだ
材,き
材,もとき
材,もとし
財,たから
冴,さえ
坂,さか
咲,さき
崎,さき
埼,さき
作,あり
作,つくり
作,つくる
作,とも
作,なお
作,なり
作,ふか
朔,きた
朔,はじめ
朔,もと
策,かず
策,つか
策,もり
索,もと
桜,さくら
冊,なみ
冊,ふみ
冊,ふん
刷,きよ
察,あき
察,あきら
察,み
察,みる
札,さね
札,ぬさ
雑,かず
雑,とも
皐,すすむ
皐,たか
皐,たかし
三,かず
三,こ
三,さぶ
三,さむ
三,そ
三,そう
三,ぞう
三,ただ
三,なお
三,み
三,みつ
三,みる
参,かず
参,ちか
参,なか
参,ほし
参,み
参,みち
参,みつ
山,たか
山,たかし
山,のぶ
山,やま
散,のぶ
燦,あき
産,うむ
産,ただ
産,むすび
算,かず
算,とも
纂,あつ
讃,ささ
賛,あきら
賛,じ
賛,すけ
賛,たすく
賛,よし
仕,まなぶ
伺,み
刺,さし
刺,さす
司,おさむ
司,かず
司,つかさ
司,つとむ
司,もと
司,もり
史,さかん
史,ちか
史,ちかし
史,ひと
史,ふの
史,ふひと
史,ふみ
史,み
嗣,さね
嗣,つぎ
嗣,つぐ
嗣,ひで
四,ひろ
四,もち
四,よ
四,よつ
士,あき
士,あきら
士,お
士,おさむ
士,こと
士,さち
士,ただ
士,つかさ
士,と
士,のり
士,ひと
士,まもる
始,とも
始,はじめ
始,はる
始,もと
姉,あね
姉,え
姿,かた
姿,しな
姿,たか
子,こ
子,さね
子,しげ
子,しげる
子,たか
子,ただ
子,たね
子,ちか
子,つぐ
子,とし
子,ね
子,み
子,みる
子,やす
市,いち
市,ち
市,なが
市,まち
師,かず
師,つかさ
師,のり
師,みつ
師,もと
師,もろ
志,さね
志,しるす
志,むね
志,もと
志,ゆき
思,おもい
思,こと
指,むね
支,なか
支,もろ
支,ゆた
孜,あつ
孜,ただす
孜,つとむ
斯,これ
斯,つな
斯,のり
施,とし
施,のぶ
施,はる
施,ます
施,もち
旨,むね
旨,よし
枝,え
枝,えだ
枝,き
枝,しげ
枝,しな
止,おる
止,ただ
止,と
止,とどむ
止,とまる
止,とめ
止,とも
止,もと
氏,うじ
祉,とみ
祉,よし
私,とみ
糸,たえ
糸,ため
糸,より
紙,かみ
紫,むら
紫,むらさき
至,いたる
至,ちか
至,のり
至,みち
至,むね
至,ゆき
至,よし
視,のり
視,み
詞,こと
詞,なり
詞,のり
詞,ふみ
詩,うた
試,もち
資,すけ
資,たすく
資,ただ
資,とし
資,もと
資,やす
資,よし
資,より
賜,たま
賜,ます
歯,かた
歯,とし
歯,は
事,こと
事,つとむ
事,わざ
似,あえ
似,あゆ
似,あり
似,あれ
似,い
似,かた
似,ちか
似,つね
似,に
似,のり
侍,ひと
児,ちご
児,のり
児,はじめ
児,る
字,さね
字,な
慈,しげ
慈,しげる
慈,ちか
慈,なり
慈,やす
慈,よし
持,もち
持,よし
時,これ
時,ちか
時,とき
時,はる
時,もち
時,ゆき
時,よし
時,より
次,ちか
次,つぎ
次,つぐ
次,ひで
次,やどる
滋,あさ
滋,しく
滋,しげ
滋,しげし
滋,しげる
滋,ふさ
滋,ます
治,おさむ
治,さだ
治,ず
治,ただす
治,つぐ
治,とお
治,のぶ
治,はる
治,よし
爾,あきら
爾,しか
爾,ちか
爾,ちかし
爾,み
爾,みつる
璽,しるし
示,しめ
示,しめす
示,とき
示,み
而,しか
而,なお
而,ゆき
耳,み
耳,みみ
自,おの
自,これ
自,さだ
自,より
蒔,まき
辞,こと
汐,きよ
汐,しお
鹿,か
鹿,しか
鹿,しし
式,つね
式,のり
式,もち
識,さと
識,つね
識,のり
七,かず
七,な
七,なな
執,とり
執,とる
執,もり
室,いえ
室,むろ
室,や
質,かた
質,さだ
質,すなお
質,ただ
質,ただし
質,み
質,もと
実,これ
実,さね
実,ちか
実,つね
実,なお
実,のり
実,ま
実,まこと
実,み
実,みつ
篠,しの
偲,しのぶ
柴,しげ
柴,しば
芝,しく
芝,しげ
芝,しば
芝,ふさ
舎,いえ
舎,や
舎,やどる
射,い
射,いり
捨,いえ
捨,えだ
捨,すて
煮,に
社,あり
社,こそ
社,たか
紗,すず
紗,たえ
者,ひさ
者,ひと
車,くら
車,くるま
車,のり
尺,かね
尺,さか
尺,さく
爵,くら
爵,たか
釈,とき
錫,ます
錫,やす
若,なお
若,まさ
若,よし
若,より
若,わか
若,わく
寂,しず
寂,ちか
寂,やす
主,かず
主,つかさ
主,ぬし
主,もり
取,とり
取,とる
守,え
守,さね
守,ま
守,まもる
守,もり
守,もれ
手,た
手,て
手,で
朱,あけ
朱,あけみ
朱,あや
殊,こと
殊,よし
狩,かり
狩,もり
珠,たま
珠,み
種,おさ
種,かず
種,くさ
種,しげ
種,たね
種,ふさ
趣,とし
酒,さか
酒,さけ
酒,み
首,おびと
首,かみ
首,さき
首,はじめ
儒,はか
儒,ひと
儒,みち
儒,やす
儒,よし
受,うく
受,うけ
受,おさ
受,しげ
受,つぐ
授,さずく
樹,いつき
樹,き
樹,しげ
樹,たつ
樹,たつき
樹,な
樹,みき
樹,むら
需,まち
需,みつ
需,もと
需,もとむ
需,もとめ
収,おさむ
収,かず
収,さね
収,すすむ
収,なお
収,なか
収,のぶ
収,もと
収,もり
収,もろ
周,あまね
周,いたる
周,かた
周,かぬ
周,かね
周,ただ
周,ちか
周,ちかし
周,なり
周,のり
周,ひろし
周,まこと
宗,かず
宗,たかし
宗,とき
宗,とし
宗,のり
宗,ひろ
宗,むね
宗,もと
就,なり
就,ゆき
州,くに
修,あつむ
修,おさ
修,おさむ
修,さね
修,なお
修,なが
修,ながき
修,ながし
修,のぶ
修,のり
修,ひさ
修,まさ
修,みち
修,もと
修,もろ
修,やす
修,よし
修,よしみ
拾,とお
拾,ひろ
洲,くに
秀,さかえ
秀,しげる
秀,すえ
秀,ひいず
秀,ひで
秀,ひでし
秀,ほ
秀,ほず
秀,ほら
秀,みつ
秀,みのる
秀,よし
秋,あき
秋,あきら
秋,おさむ
秋,とき
秋,とし
秋,みのる
終,つき
終,のち
習,しげ
舟,のり
舟,ふね
衆,とも
衆,ひろ
衆,もり
衆,もろ
襲,そ
襲,つぎ
襲,より
蹴,け
輯,あつむ
輯,むつ
酬,あつ
集,あい
集,い
集,ため
集,ち
集,ちか
集,つどい
醜,むね
住,おき
住,すみ
住,もち
住,よし
充,あつ
充,たかし
充,まこと
充,み
充,みち
充,みつ
充,みつる
十,かず
十,しげ
十,じつ
十,そ
十,ただ
十,と
十,とみ
十,ひさし
十,みつ
十,みつる
従,しげ
従,つぐ
従,より
柔,とう
柔,なり
柔,やす
柔,やわ
柔,やわら
柔,よし
汁,つら
渋,しぶ
縦,なお
重,あつ
重,あつし
重,いかし
重,え
重,おもし
重,かさぬ
重,かず
重,かたし
重,しげ
重,しげし
重,しげる
重,のぶ
重,ふさ
銃,かね
叔,はじめ
叔,よし
宿,いえ
宿,おる
宿,すみ
宿,やど
淑,きよ
淑,きよし
淑,すえ
淑,すみ
淑,とし
淑,ひで
淑,ふかし
淑,よ
淑,よし
祝,い
祝,いわい
祝,とき
祝,のり
祝,はじめ
祝,ほう
祝,よし
縮,なお
粛,かく
粛,かた
粛,かね
粛,きよし
粛,すすむ
粛,すみ
粛,ただ
粛,たり
粛,とし
粛,はや
粛,まさ
塾,いえ
熟,なり
出,いず
出,いずる
出,で
術,てだて
術,みち
術,やす
術,やすし
述,あきら
述,とも
述,のぶ
述,のぶる
述,のり
俊,すぐる
俊,たかし
俊,とし
俊,まさり
俊,まさる
俊,よし
峻,たか
峻,たかし
峻,ちか
峻,とし
峻,みち
峻,みね
春,あずま
春,あつ
春,かす
春,かず
春,す
春,とき
春,は
春,はじめ
春,はる
舜,きよ
舜,とし
舜,ひとし
舜,みつ
舜,よし
駿,たかし
駿,とし
駿,はやお
駿,はやし
准,のり
循,みつ
循,ゆき
循,よし
旬,ただ
旬,とき
旬,ひとし
旬,ひら
旬,まさ
楯,たち
楯,たて
淳,あき
淳,あつ
淳,あつし
淳,きよ
淳,きよし
淳,すな
淳,すなお
淳,ただし
淳,とし
淳,まこと
淳,よし
準,とし
準,のり
準,ひとし
潤,うる
潤,うるう
潤,うるお
潤,さかえ
潤,ひろ
潤,ひろし
潤,まさる
潤,ます
潤,みつ
盾,たて
純,あつ
純,あつし
純,あや
純,いたる
純,いと
純,きよし
純,すなお
純,すみ
純,つな
純,とう
純,まこと
純,よし
遵,ちか
遵,のぶ
遵,ゆき
遵,より
醇,あつ
醇,あつし
順,あや
順,あり
順,おさ
順,おさむ
順,かず
順,しげ
順,したがう
順,す
順,すなお
順,とし
順,なお
順,のぶ
順,のり
順,はじめ
順,まさ
順,みち
順,みつ
順,むね
順,もと
順,やす
順,ゆき
順,よし
順,より
処,おき
処,おる
処,さだむ
処,すみ
処,ところ
処,ふさ
処,やす
初,はじめ
初,はつ
初,もと
所,ど
所,ところ
所,のぶ
暑,あつ
暑,なつ
曙,あきら
曙,あけ
渚,なぎさ
庶,ちか
庶,もり
庶,もろ
緒,お
緒,つぐ
書,のぶ
書,のり
書,ひさ
書,ふみ
書,ふん
諸,つら
諸,もり
諸,もろ
助,すけ
助,たすく
助,ひろ
助,ます
叙,のぶ
叙,みつ
女,こ
女,たか
女,め
女,よし
序,つき
序,つぐ
序,つね
序,のぶ
序,ひさし
徐,やす
徐,ゆき
恕,くに
恕,しのぶ
恕,ただし
恕,のり
恕,はかる
恕,ひろ
恕,ひろし
恕,ひろむ
恕,みち
恕,もろ
恕,ゆき
恕,よし
除,きよ
除,さる
除,のき
勝,かち
勝,かつ
勝,すぐる
勝,すぐれ
勝,すぐろ
勝,とう
勝,のり
勝,まさ
勝,まさる
勝,ます
勝,よし
匠,たくみ
匠,なる
升,たか
升,のぼる
升,のり
升,ます
升,みのる
升,ゆき
召,めし
召,めす
召,よし
召,よぶ
商,あき
商,あつ
商,ひさ
唱,うた
唱,となう
奨,すけ
奨,すすむ
奨,つとむ
宵,よい
将,すけ
将,すすむ
将,たすく
将,ただし
将,たもつ
将,のぶ
将,はた
将,ひとし
将,まさ
将,もち
将,ゆき
小,お
小,こ
小,さ
小,ささ
小,ちいさ
少,お
少,すく
少,すくな
少,まさ
少,まれ
尚,さね
尚,たか
尚,たかし
尚,なお
尚,なか
尚,なり
尚,ひさ
尚,ひさし
尚,まさ
尚,まし
尚,ます
尚,よし
尚,より
庄,たいら
庄,まさ
床,とこ
床,ゆか
彰,あき
彰,あきら
彰,あや
彰,ただ
彰,てる
承,うけ
承,こと
承,すけ
承,つぎ
承,つぐ
承,よし
抄,あつ
招,あき
招,あきら
掌,なか
捷,かち
捷,かつ
捷,さとし
捷,すぐる
捷,とし
捷,はや
捷,まさる
昇,かみ
昇,すすむ
昇,のぼり
昇,のぼる
昇,のり
昌,あき
昌,あきら
昌,あつ
昌,さかえ
昌,さかん
昌,すけ
昌,まさ
昌,まさし
昌,まさる
昌,ます
昌,よ
昌,よし
昭,あき
昭,あきら
昭,いか
昭,てる
昭,はる
晶,あき
晶,あきら
晶,てる
晶,まさ
松,ます
松,まつ
梢,こずえ
梢,すえ
梢,たか
樟,くす
渉,さだ
渉,たか
渉,ただ
渉,わたり
渉,わたる
焼,やき
照,あき
照,あきら
照,あり
照,てらし
照,てらす
照,てり
照,てる
照,とし
照,のぶ
照,みつ
省,あきら
省,かみ
省,はぶく
省,み
省,みる
省,よし
祥,あきら
祥,さか
祥,さき
祥,さち
祥,さむ
祥,ただ
祥,なが
祥,やす
祥,よし
称,あぐ
称,かみ
称,な
称,のり
称,みつ
称,よし
章,あき
章,あきら
章,あや
章,き
章,たか
章,とし
章,のり
章,ふさ
章,ふみ
章,ゆき
笑,え
笑,えみ
紹,あき
紹,つぎ
紹,つぐ
肖,あえ
肖,あゆ
肖,あれ
肖,すえ
肖,たか
肖,のり
肖,ゆき
菖,あやめ
衝,つぎ
衝,つく
衝,みち
衝,もり
衝,ゆく
証,あかし
証,あきら
証,み
詔,のり
詳,つま
詳,みつ
象,かた
象,きさ
象,たか
象,のり
賞,たか
賞,たかし
賞,ほむ
賞,よし
鐘,かね
鞘,さや
上,うら
上,え
上,かみ
上,すすむ
上,たか
上,たかし
上,のぼる
上,ひさ
上,ほず
上,まさ
丈,たけ
丈,とも
丈,ひろ
丈,ます
丞,すけ
丞,すすむ
丞,たすく
丞,つぐ
乗,あき
乗,しげ
乗,のり
剰,のり
剰,ます
城,き
城,くに
城,さね
城,しげ
城,しろ
城,なり
城,むら
常,つね
常,つら
常,とき
常,ときわ
常,とこ
常,のぶ
常,ひさ
常,ひさし
情,さね
情,もと
条,え
条,えだ
条,なが
杖,き
杖,もち
浄,きよ
浄,きよし
浄,しず
状,かた
状,のり
畳,あき
穣,おさむ
穣,しげ
穣,みのる
穣,ゆたか
蒸,つぐ
蒸,つまき
譲,うや
譲,せむ
譲,のり
譲,まさ
譲,ゆずり
譲,ゆずる
譲,よし
飾,あきら
飾,よし
植,たね
植,なお
殖,え
殖,しげる
殖,たね
殖,なか
殖,のぶ
殖,ます
殖,もち
織,おり
織,おる
織,り
職,つね
職,もと
職,よし
職,より
色,いろ
色,しこ
食,あき
食,あきら
食,うけ
食,くら
食,け
食,みけ
伸,ただ
伸,のびる
伸,のぶ
伸,のぶる
伸,のぼる
信,あき
信,あきら
信,こと
信,さだ
信,さね
信,しげ
信,しの
信,ただ
信,ちか
信,とき
信,とし
信,のぶ
信,のぶる
信,まこと
信,まさ
信,みち
審,あき
審,あきら
心,きよ
心,ご
心,さね
心,なか
心,み
心,むね
心,もと
慎,ちか
慎,のり
慎,まこと
慎,みつ
慎,よし
振,とし
振,のぶ
振,ふり
振,ふる
新,あきら
新,あら
新,あらた
新,すすむ
新,ちか
新,にい
新,はじめ
新,よし
新,わか
晋,あき
晋,くに
晋,すすむ
晋,ゆき
森,しげ
森,しげる
森,しん
森,もり
榛,はり
榛,はる
深,とお
深,ふか
深,ふかし
深,み
申,さる
申,しげる
申,のぶ
申,み
申,もち
真,さだ
真,さな
真,さね
真,ただ
真,ただし
真,ちか
真,なお
真,ま
真,まき
真,まこと
真,まさ
真,ます
真,また
真,まな
真,み
神,か
神,かむ
神,きよ
神,しの
神,たる
神,みわ
秦,はた
紳,おび
臣,お
臣,おか
臣,おみ
臣,おん
臣,しげ
臣,たか
臣,とみ
臣,み
臣,みつ
臣,みる
親,いたる
親,ちか
親,ちかし
親,なる
親,み
親,みる
親,もと
親,よしみ
親,より
診,み
診,みる
身,これ
身,ただ
身,ちか
身,のぶ
身,み
身,みる
身,む
身,もと
身,よし
辛,かのと
進,す
進,すす
進,すすみ
進,すすむ
進,のぶ
進,みち
進,ゆき
針,はり
震,おと
震,なり
震,なる
震,のぶ
人,きよ
人,さね
人,たみ
人,と
人,ひと
人,ひとし
人,ふと
人,むと
人,め
仁,きみ
仁,きん
仁,さね
仁,しのぶ
仁,ただし
仁,と
仁,とよ
仁,のり
仁,ひさし
仁,ひと
仁,ひとし
仁,ひろし
仁,まさ
仁,まさし
仁,み
仁,めぐみ
仁,めぐむ
仁,やすし
仁,よし
壬,あきら
壬,みず
壬,よし
尋,ちか
尋,つね
尋,のり
尋,ひつ
尋,ひろ
尋,ひろし
尋,みつ
甚,しげ
甚,たね
甚,とう
甚,ふか
甚,やす
迅,とき
迅,とし
迅,はや
陣,つら
須,まつ
須,もち
須,もとむ
酢,す
図,のり
図,はかる
図,みつ
吹,かぜ
吹,ふ
吹,ふき
吹,ふけ
垂,しげる
垂,たり
垂,たる
垂,たれ
帥,そち
帥,そつ
推,ひらく
水,たいら
水,な
水,なか
水,み
水,みず
水,みな
水,ゆ
水,ゆく
炊,い
炊,かし
炊,かしぎ
炊,とぎ
炊,とぐ
粋,きよ
粋,ただ
翠,あきら
翠,みどり
遂,かつ
遂,つく
遂,とげる
遂,なり
遂,なる
遂,みち
遂,もろ
遂,やす
遂,ゆき
遂,より
随,あや
随,みち
随,ゆき
随,より
瑞,たま
瑞,みず
髄,すね
髄,なか
崇,かた
崇,し
崇,たか
崇,たかし
嵩,たか
嵩,たかし
嵩,たけ
数,かず
数,のり
数,ひら
数,や
枢,たる
雛,ひな
杉,すぎ
雀,さぎ
雀,す
澄,きよ
澄,きよし
澄,きよみ
澄,きよむ
澄,すみ
澄,すむ
澄,すめる
澄,とおる
寸,き
寸,ちか
寸,のり
世,つぎ
世,つぐ
世,とき
世,とし
世,よ
瀬,せ
畝,うね
畝,せ
是,これ
是,すなお
是,ただし
是,つな
是,ゆき
是,よし
制,いさむ
制,おさむ
制,さだ
制,すけ
制,ただ
制,のり
勢,なり
姓,うじ
征,さち
征,そ
征,ただし
征,ただす
征,まさ
征,もと
征,ゆき
征,ゆく
性,なり
性,もと
成,あき
成,あきら
成,おさむ
成,さだ
成,さだむ
成,しげ
成,しげる
成,なり
成,なる
成,のり
成,はかる
成,ひで
成,ひら
成,ふさ
成,まさ
成,みち
成,みのる
成,よし
政,おさ
政,かず
政,きよ
政,こと
政,すなお
政,ただ
政,ただし
政,ただす
政,なり
政,のぶ
政,のり
政,まさ
政,まさし
政,まん
政,ゆき
整,おさむ
整,ととのう
整,なり
整,のぶ
整,ひとし
整,まさ
整,よし
星,とし
星,ほし
晴,きよし
晴,てる
晴,なり
晴,はる
晴,はれ
栖,す
栖,すみ
正,あきら
正,おさ
正,かみ
正,きみ
正,さだ
正,たか
正,ただ
正,ただし
正,ただす
正,つら
正,なお
正,のぶ
正,まさ
正,まさし
正,よし
清,きよ
清,きよし
清,さや
清,すが
清,すみ
清,すむ
生,あり
生,い
生,いき
生,いく
生,いける
生,う
生,うまる
生,お
生,おき
生,き
生,すすむ
生,たか
生,なり
生,のう
生,ふ
生,ぶ
生,ふゆ
生,み
生,よ
盛,さかり
盛,しげ
盛,しげる
盛,たけ
盛,もり
精,あき
精,あきら
精,きよ
精,きよし
精,くわし
精,しげ
精,しら
精,すぐる
精,すみ
精,ただ
精,ただし
精,つとむ
精,ひとし
精,まこと
精,まさし
精,もり
精,よし
聖,あきら
聖,きよ
聖,きよし
聖,さと
聖,さとし
聖,さとる
聖,たから
聖,とし
聖,ひじり
聖,まさ
声,おと
声,かた
声,ちか
声,な
声,のぶ
声,もり
製,のり
西,あき
西,し
西,にし
誠,あき
誠,あきら
誠,さと
誠,さね
誠,しげ
誠,すみ
誠,たか
誠,たかし
誠,とも
誠,なり
誠,のぶ
誠,まこと
誠,まさ
誠,み
誠,もと
誠,よし
誓,ちか
誓,ちかう
青,あお
青,きよ
青,はる
静,きよ
静,しず
静,しずか
静,ちか
静,つぐ
静,ひで
静,やす
静,やすし
静,よし
斉,きよ
斉,ただ
斉,ただし
斉,とき
斉,とし
斉,なお
斉,なり
斉,ひとし
斉,まさ
斉,むね
斉,よし
税,おさむ
税,ちから
税,みつぎ
隻,うく
席,すけ
席,のぶ
席,やす
席,より
戚,ちか
斥,かた
昔,つね
昔,とき
昔,ひさ
昔,ふる
石,あつ
石,いし
石,いそ
石,いわ
石,かた
石,し
積,あつ
積,かず
積,かつ
積,さ
積,さね
積,つね
積,つみ
積,つむ
積,つもる
積,もち
積,もり
籍,ふみ
籍,もり
籍,より
績,いさ
績,いさお
績,さね
績,つみ
績,なり
績,のり
績,もり
赤,あか
赤,か
赤,はに
赤,わに
跡,あと
跡,みち
蹟,ただ
接,つぎ
接,つぐ
接,つら
接,もち
摂,おさむ
摂,かぬ
摂,かね
折,おり
設,おき
設,のぶ
節,お
節,さだ
節,たか
節,たかし
節,たけ
節,とき
節,とも
節,のり
節,ふ
節,ふし
節,ほど
節,まこと
節,みさ
節,みさお
節,みね
節,もと
節,よ
節,よし
説,あき
説,かぬ
説,かね
説,こと
説,つぐ
説,とき
説,とく
説,のぶ
説,ひさ
雪,きよ
雪,きよみ
雪,きよむ
雪,そそぐ
雪,ゆき
絶,たえ
舌,した
仙,たかし
仙,のり
仙,ひさ
仙,ひと
先,さき
先,すすむ
先,ひろ
先,ゆき
千,かず
千,ち
千,ゆき
占,うら
占,しめ
宣,しめす
宣,すみ
宣,つら
宣,のぶ
宣,のぶる
宣,のり
宣,ひさ
宣,ふさ
宣,むら
宣,よし
専,あつし
専,あつむ
専,たか
専,もろ
川,かわ
扇,み
撰,えらむ
撰,のぶ
泉,い
泉,いずみ
泉,きよし
泉,ずみ
泉,み
泉,みぞ
泉,もと
浅,あさ
洗,きよ
洗,よし
染,そめ
潜,すみ
潜,ひそむ
羨,のぶ
羨,よし
薦,しげ
薦,のぶ
詮,あき
詮,あきら
詮,さと
詮,さとし
詮,さとる
詮,とし
詮,とも
詮,のり
詮,はる
選,かず
選,のぶ
選,よし
選,より
銑,さね
鮮,あきら
鮮,き
鮮,まれ
鮮,よし
前,くま
前,さき
前,すすむ
前,ちか
善,さ
善,ただし
善,たる
善,よし
漸,すすむ
漸,つぐ
然,しか
然,なり
然,のり
全,あきら
全,うつ
全,たけ
全,たもつ
全,とも
全,はる
全,まさ
全,また
全,みつ
全,やす
禅,よし
繕,よし
膳,よし
曽,かつ
曽,つね
曽,なり
曽,ます
楚,うばら
楚,しもと
楚,たか
礎,き
祖,おや
祖,さき
祖,のり
祖,はじめ
祖,ひろ
祖,もと
租,つみ
租,みつぎ
租,もと
素,しろ
素,しろし
素,すなお
素,はじめ
素,もと
組,くみ
組,くむ
蘇,いき
蘇,はる
創,はじむ
双,ふ
倉,くら
壮,あき
壮,お
壮,さかり
壮,さかん
壮,たけ
壮,たけし
壮,まさ
壮,もり
奏,かな
爽,あきら
爽,さ
爽,さや
爽,さわ
宋,おき
宋,くに
惣,おさむ
惣,のぶ
惣,ふさ
掃,かに
掃,のぶ
操,あや
操,さお
操,とる
操,みさ
操,みさお
操,もち
早,さき
早,はや
曹,とも
曹,のぶ
巣,す
槍,ほこ
相,あい
相,あう
相,さ
相,すけ
相,たすく
相,とも
相,はる
相,まさ
相,み
相,みる
窓,まど
総,おさ
総,さ
総,すぶる
総,のぶ
総,ふさ
総,みち
綜,おさ
聡,あき
聡,あきら
聡,さ
聡,さと
聡,さとし
聡,さとる
聡,ただし
聡,と
聡,とき
聡,とし
聡,とみ
草,かや
草,くさ
草,しげ
荘,さこう
荘,たか
荘,たかし
荘,ただし
荘,まさ
蒼,しげる
藻,も
走,ゆき
霜,しも
像,かた
像,すえ
像,のり
像,み
増,なが
増,ま
増,ます
蔵,おさむ
蔵,くら
蔵,ただ
蔵,とし
蔵,まさ
蔵,よし
贈,ます
造,いたる
造,なり
造,みやつこ
促,ちか
促,ゆき
則,つね
則,とき
則,のり
則,みつ
即,あつ
即,ただ
即,ちかし
即,ひと
即,みつ
即,よし
息,いき
息,おき
息,き
息,やす
束,き
束,さと
束,つか
束,つかぬ
束,つかね
測,ひろ
足,あし
足,たらし
足,たり
足,たる
足,なり
足,みつ
足,ゆき
速,ちか
速,つぎ
速,とう
速,はや
速,はやし
速,はやみ
速,めす
俗,みち
俗,よ
属,つら
属,まさ
属,やす
族,えだ
族,つぎ
族,つぐ
続,つぎ
続,つぐ
続,つづく
続,ひで
卒,たか
其,その
其,とき
其,もと
存,あきら
存,あり
存,ありや
存,ある
存,さだ
存,すすむ
存,たもつ
存,つぎ
存,なが
存,のぶ
存,のり
存,まさ
存,やす
存,やすし
孫,さね
孫,ただ
孫,ひこ
孫,ひろ
孫,まご
尊,たか
尊,たかし
損,ちか
村,すえ
村,つね
村,むら
遜,やす
遜,ゆずる
他,おさ
他,ひと
多,おお
多,おおの
多,かず
多,とみ
多,な
多,なお
多,まさ
多,まさる
太,うず
太,しろ
太,たか
太,と
太,ひろ
太,ふと
太,ふとし
太,ます
太,み
太,もと
妥,やす
体,なり
体,み
体,もと
堆,おか
堆,たか
堆,のぶ
耐,たう
耐,つよし
帯,おび
帯,たらし
帯,よ
待,なが
待,まち
待,まつ
待,みち
怠,やす
態,かた
泰,あきら
泰,とおる
泰,ひろ
泰,ひろし
泰,やす
泰,やすし
泰,ゆたか
泰,よし
胎,はら
胎,み
胎,もと
退,たい
退,のき
鯛,たい
代,しろ
代,とし
代,のり
代,よ
代,より
台,もと
大,お
大,おい
大,おお
大,き
大,たかし
大,たけし
大,とも
大,なが
大,はじめ
大,はる
大,ひろ
大,ひろし
大,ふと
大,ふとし
大,まさ
大,まさる
大,もと
大,ゆたか
第,くに
第,つき
題,みつ
鷹,たか
滝,たき
滝,たけし
滝,よし
卓,たか
卓,たかし
卓,つな
卓,とお
卓,まこと
卓,まさる
卓,もち
宅,いえ
宅,おり
宅,やか
宅,やけ
択,えらむ
拓,ひらく
拓,ひろ
拓,ひろし
沢,さわ
沢,たく
濯,あろう
琢,あや
琢,たか
琢,みがく
託,より
諾,つぐ
只,これ
只,ただ
但,ただ
達,いたる
達,かつ
達,さと
達,さとし
達,さとる
達,しげ
達,すすむ
達,ただ
達,たて
達,と
達,とおる
達,のぶ
達,ひろ
達,みち
達,よし
辰,たつ
辰,とき
辰,のぶ
辰,のぶる
辰,よし
巽,たつみ
巽,ゆく
巽,よし
竪,なお
棚,すけ
棚,たな
谷,たに
谷,ひろ
谷,や
丹,あか
丹,あかし
丹,あきら
丹,に
丹,まこと
単,いち
単,ただ
坦,あきら
坦,かつ
坦,しずか
坦,たいら
坦,ひら
坦,ひろ
坦,ひろし
坦,ひろむ
坦,やす
坦,ゆたか
担,ゆたか
旦,あき
旦,あきら
旦,あけ
旦,あさ
旦,ただし
淡,あわ
淡,あわし
淡,あわじ
湛,きよ
湛,たたう
湛,たたえ
湛,やす
端,ただ
端,ただし
端,ただす
端,なお
端,はし
端,はじめ
端,まさ
端,もと
胆,い
誕,のぶ
鍛,かじ
鍛,きたえ
団,あつ
団,まどか
団,まる
弾,ただ
断,さだ
断,さだむ
断,たけし
断,とう
暖,あつ
暖,はる
暖,やす
檀,まゆみ
男,お
男,おと
談,かた
談,かたり
談,かぬ
談,かね
値,あう
値,あき
知,あき
知,あきら
知,おき
知,かず
知,さと
知,さとし
知,さとる
知,し
知,しり
知,しる
知,ちか
知,つぐ
知,とし
知,とも
知,のり
知,はる
地,くに
地,ただ
地,つち
智,あきら
智,さかし
智,さと
智,さとし
智,さとる
智,とし
智,とみ
智,とも
智,のり
智,まさる
智,もと
池,いけ
稚,のり
稚,わか
稚,わく
置,おき
置,き
置,やす
致,いたす
致,いたる
致,おき
致,とも
致,のり
致,むね
致,ゆき
致,よし
遅,まつ
馳,とし
馳,はやし
畜,ます
竹,たか
竹,たけ
秩,さとし
秩,ちち
秩,つね
中,あたる
中,あつ
中,かなめ
中,ただ
中,ただし
中,な
中,なか
中,なかち
中,なかば
中,のり
中,よし
仲,なか
仲,なかし
宙,おき
宙,そら
宙,ひろし
宙,みち
忠,あつ
忠,あつし
忠,きよし
忠,じょう
忠,すなお
忠,ただ
忠,ただし
忠,ただす
忠,つら
忠,なり
忠,のり
昼,あき
昼,あきら
昼,ひる
柱,はしら
虫,むし
衷,あつ
衷,ただ
衷,ただし
衷,よし
鋳,い
猪,い
猪,しし
著,あき
著,あきら
著,つぎ
著,つぐ
貯,おさむ
貯,もる
丁,あたる
丁,あつ
丁,つよし
丁,のり
丁,よぼろ
兆,とき
兆,よし
寵,うつくし
寵,よし
帖,さだ
帖,ただ
帳,はる
張,つよ
張,とも
張,はる
徴,あき
徴,あきら
徴,おと
徴,きよし
徴,すみ
徴,なり
徴,みる
徴,もと
徴,よし
暢,いたる
暢,かど
暢,とおる
暢,なが
暢,のぶ
暢,のぶる
暢,まさ
暢,みつ
暢,みつる
朝,あさ
朝,あした
朝,かた
朝,さ
朝,つと
朝,とき
朝,とも
朝,のり
朝,はじめ
潮,うしお
潮,しお
町,まち
聴,あき
聴,あきら
聴,とし
聴,より
調,しげ
調,つき
調,つぎ
調,つぐ
調,なり
調,のり
調,みつぎ
超,おき
超,き
超,こえる
超,たつ
超,とおる
超,ゆき
長,いえ
長,おさ
長,たけ
長,たけし
長,たつ
長,つかさ
長,つね
長,なが
長,ながし
長,のぶ
長,ひさ
長,ひさし
長,まさ
長,まさる
長,ます
長,みち
頂,かみ
鳥,とり
勅,ただ
勅,て
勅,とき
直,あたい
直,すぐ
直,すなお
直,ただ
直,ただし
直,ただす
直,ちか
直,なお
直,なおき
直,なおし
直,なが
直,ね
直,のぶる
直,ま
直,まさ
沈,うし
珍,いや
珍,うず
珍,くに
珍,くる
珍,たか
珍,のり
珍,はる
珍,よし
賃,かぬ
鎮,おさむ
鎮,しげ
鎮,しず
鎮,しずむ
鎮,しずめ
鎮,たね
鎮,つね
鎮,なか
鎮,まさ
鎮,まもる
鎮,やす
鎮,やすし
陳,かた
陳,つら
陳,のぶ
陳,のぶる
陳,のり
陳,ひさ
陳,むね
陳,よし
椎,しい
椎,つち
槌,つち
通,とおる
通,なお
通,ひらく
通,みち
通,みつ
通,ゆき
槻,つき
漬,ひた
蔦,つた
椿,つばき
紬,つむぎ
釣,つり
釣,つる
鶴,ず
鶴,たず
鶴,つ
鶴,つる
亭,たかし
低,ひら
停,とどむ
貞,さだ
貞,ただ
貞,ただし
貞,ただす
貞,つら
貞,みさお
呈,しめ
定,さだ
定,さだむ
定,さだめ
定,つら
定,また
定,やす
帝,ただ
帝,みかど
底,さだ
底,ふか
庭,なお
庭,にわ
庭,ば
廷,たか
廷,ただ
廷,なが
弟,おと
弟,くに
弟,ちか
弟,つぎ
弟,ふと
悌,とも
悌,やす
悌,やすし
悌,よし
抵,あつ
抵,やす
抵,ゆき
挺,ただ
挺,もち
汀,なぎさ
汀,みぎわ
禎,さだ
禎,さだむ
禎,さち
禎,ただ
禎,ただし
禎,つぐ
禎,とも
禎,よし
程,たけ
程,のり
程,ほど
程,みな
訂,ただ
訂,ただす
諦,あき
諦,あきら
邸,いえ
鼎,かなえ
鼎,かね
泥,どろ
泥,ね
摘,つみ
敵,とし
的,あきら
的,まさ
的,まと
笛,ふえ
適,あつ
適,あり
適,かのう
適,まさ
適,ゆき
適,ゆく
適,より
哲,あき
哲,あきら
哲,さと
哲,さとし
哲,さとる
哲,てつ
哲,のり
哲,よし
徹,あきら
徹,いたる
徹,おさむ
徹,とお
徹,とおる
徹,ひとし
徹,みち
徹,ゆき
鉄,かね
鉄,きみ
鉄,とし
鉄,まがね
典,おき
典,すけ
典,つかさ
典,つね
典,のり
典,ふみ
典,みち
典,もり
典,よし
典,より
天,あま
天,あめ
天,かみ
天,そら
天,たか
天,たかし
展,のぶ
展,ひろ
添,そえ
纏,まき
纏,まとむ
転,うたた
転,ひろ
伝,ただ
伝,つぐ
伝,つた
伝,つたう
伝,つたえ
伝,つとう
伝,つとむ
伝,のぶ
伝,のり
伝,よし
殿,あと
殿,すえ
殿,との
田,た
田,だ
田,ただ
田,みち
電,あきら
電,ひかり
兎,う
兎,うさ
兎,うさぎ
塗,みち
徒,かち
徒,ただ
徒,とも
斗,け
斗,はかる
斗,ほし
斗,ます
杜,もり
渡,ただ
渡,わたり
渡,わたる
登,たか
登,ちか
登,とみ
登,とも
登,なり
登,なる
登,のぼる
登,のり
登,み
登,みのる
途,とお
途,みち
都,いち
都,くに
都,さと
都,ひろ
都,みやこ
砥,と
努,つとむ
度,ただ
度,なが
度,のぶ
度,のり
度,みち
度,もろ
度,わたる
土,ただ
土,つち
土,つつ
土,のり
土,はに
土,ひじ
党,あきら
党,とも
党,まさ
冬,かず
冬,とし
冬,ふゆ
刀,かたな
刀,はかし
唐,から
套,なが
島,しま
投,ゆき
東,あがり
東,あきら
東,あずま
東,こち
東,はじめ
東,はる
東,ひがし
東,ひで
東,もと
桃,もも
棟,すけ
棟,たか
棟,たかし
棟,みね
棟,むなぎ
棟,むね
当,たえ
当,まさ
当,まつ
等,しな
等,たか
等,とし
等,とも
等,ひとし
答,さと
答,とし
答,とみ
答,とも
答,のり
筒,つつ
筒,まる
糖,あら
統,おさ
統,おさむ
統,かね
統,すみ
統,すめる
統,つづき
統,つな
統,つね
統,のり
統,むね
統,もと
到,いたる
到,ゆき
到,よし
董,しげ
董,しげる
董,ただ
董,ただし
董,ただす
董,なお
董,のぶ
董,まこと
董,まさ
董,よし
藤,かつら
藤,つ
藤,ひさ
藤,ふじ
透,すく
透,とおる
透,ゆき
陶,すえ
陶,よし
頭,あき
頭,あきら
頭,かみ
騰,のぼる
動,いつ
同,あつ
同,あつむ
同,とも
同,のぶ
同,ひとし
堂,たか
導,おさ
導,みち
洞,あき
洞,あきら
洞,ひろ
洞,ほら
瞳,あきら
瞳,ひとみ
童,わか
童,わらわ
道,おさむ
道,おさめ
道,じ
道,ち
道,つな
道,つね
道,なおし
道,ね
道,のり
道,まさ
道,みち
道,ゆき
道,より
道,わたる
銅,かね
匿,のく
得,あり
得,う
得,え
得,なり
得,のり
得,やす
徳,あきら
徳,あつ
徳,あつし
徳,あり
徳,いさお
徳,え
徳,さと
徳,ただし
徳,とみ
徳,なり
徳,なる
徳,のぼる
徳,のり
徳,めぐむ
徳,やす
徳,よし
特,こと
特,よし
督,おさむ
督,かみ
督,こう
督,すけ
督,すすむ
督,ただ
督,ただす
督,まさ
督,よし
篤,あつ
篤,あつし
篤,しげ
篤,すみ
独,かつ
読,おと
読,よし
読,よみ
凸,たかし
届,あつ
届,ゆき
寅,つら
寅,とも
寅,とら
寅,のぶ
寅,ふさ
酉,とり
酉,なが
酉,みのる
屯,たむろ
屯,みつ
屯,むら
屯,より
惇,あつ
惇,あつし
惇,すなお
惇,つとむ
惇,とし
惇,まこと
敦,あつ
敦,あつし
敦,おさむ
敦,つとむ
敦,つる
敦,のぶ
頓,はや
奈,なに
那,とも
那,ふゆ
那,やす
内,うち
内,うつ
内,ただ
内,ちか
内,のぶ
内,はる
内,まさ
内,みつ
捺,とし
楢,なら
馴,なれ
縄,ただ
縄,つぐ
縄,つな
縄,なお
縄,なわ
縄,のり
縄,まさ
南,あけ
南,なみ
南,みな
南,みなみ
南,よし
楠,くす
楠,くすのき
二,かず
二,さ
二,じ
二,すすむ
二,つぎ
二,つぐ
二,ふ
二,ぶ
二,ふた
尼,あま
尼,さだ
尼,ただ
尼,ちか
弐,すけ
賑,とみ
賑,とも
虹,にじ
日,あき
日,か
日,はる
日,ひ
日,ひる
乳,ち
入,いり
入,いる
入,なり
如,いく
如,すけ
如,なお
如,もと
如,ゆき
如,よし
任,あたる
任,たえ
任,たか
任,たかし
任,ただ
任,たね
任,たもつ
任,とう
任,ひで
任,まかし
妊,さね
妊,もつ
忍,おし
忍,しの
忍,しのぶ
忍,たう
認,もろ
寧,さだ
寧,しず
寧,やす
寧,やすし
熱,あつ
年,かず
年,すすむ
年,ちか
年,と
年,とし
年,とせ
年,みのる
念,むね
乃,いまし
乃,おさむ
乃,の
之,いたる
之,くに
之,これ
之,つな
之,の
之,のぶ
之,ひさ
之,ひで
之,ゆき
之,よし
之,より
濃,あつ
濃,あつし
納,おさむ
納,とも
納,のり
能,たか
能,ちから
能,のり
能,ひさ
能,みち
能,むね
能,やす
能,よき
能,よし
農,あつ
農,たか
農,たみ
農,とき
農,とよ
農,なる
巴,とも
巴,ともえ
覇,はる
波,なみ
派,また
婆,ばば
馬,うま
馬,たけし
馬,ま
馬,むま
排,おし
背,しろ
背,せ
背,のり
輩,とも
配,あつ
配,とも
倍,ます
倍,やす
培,ます
梅,うめ
梅,め
陪,すけ
陪,ます
這,これ
這,ちか
萩,はぎ
伯,お
伯,おさ
伯,く
伯,たか
伯,たけ
伯,とも
伯,のり
伯,はか
伯,ほ
伯,みち
博,とおる
博,はか
博,ひろ
博,ひろし
博,ひろむ
拍,ひら
白,あき
白,あきら
白,きよ
白,きよし
白,し
白,しら
白,しろ
白,しろし
薄,いたる
薄,うす
迫,せり
迫,とお
漠,ひろ
莫,さだ
莫,さだむ
莫,とお
莫,とし
莫,なか
麦,むぎ
函,すすむ
箱,はこ
箸,あき
箸,あきら
箸,つく
肇,こと
肇,ただ
肇,ただし
肇,とし
肇,はじむ
肇,はじめ
肇,はつ
八,かず
八,や
八,やつ
八,わ
八,わかつ
鉢,ほ
発,あき
発,あきら
発,おき
発,しげ
発,ちか
発,とき
発,なり
発,ひらく
髪,かみ
伐,のり
抜,やはず
鳩,はと
鳩,やす
隼,とし
隼,はや
隼,はやし
隼,はやと
隼,はやぶさ
伴,すけ
伴,とも
判,さだ
判,ちか
判,なか
判,ゆき
半,なか
半,なかば
半,なからい
帆,ほ
板,いた
汎,ひろ
汎,ひろし
汎,みな
班,つら
班,なか
畔,くろ
畔,べ
繁,えだ
繁,しげ
繁,しげし
繁,しげる
繁,とし
般,かず
般,つら
販,ひさ
範,すすむ
範,のり
飯,いい
晩,おそ
晩,かげ
晩,くれ
番,つぎ
番,つぐ
番,つら
番,ふさ
盤,まる
盤,やす
磐,いわお
蕃,しく
蕃,しげ
蕃,しげり
蕃,しげる
蕃,ふさ
蕃,みつ
蕃,もり
妃,き
妃,ひめ
彼,のぶ
披,ひら
披,ひろ
斐,あきら
斐,あや
斐,い
斐,なが
斐,よし
比,これ
比,たか
比,たすく
比,ちか
比,つね
比,とも
比,なみ
比,ひさ
緋,あけ
肥,うま
肥,こえ
肥,とみ
肥,とも
肥,みつ
肥,ゆたか
費,もち
飛,たか
備,たる
備,とも
備,なが
備,なり
備,のぶ
備,まさ
備,みつ
備,よ
備,よし
備,より
尾,お
尾,すえ
微,いや
微,なし
微,まれ
微,よし
毘,すけ
毘,たる
毘,てる
毘,とも
毘,のぶ
毘,ひで
毘,まさ
毘,やす
毘,よし
眉,まゆ
美,うま
美,うまし
美,きよし
美,とみ
美,はし
美,はる
美,ふみ
美,み
美,みつ
美,よ
美,よし
鼻,はな
匹,あつ
匹,とも
疋,ただ
彦,お
彦,さと
彦,ひこ
彦,ひろ
彦,やす
彦,よし
菱,ひし
必,さだ
筆,ふで
姫,ひめ
媛,ひめ
紐,くみ
百,お
百,と
百,はげむ
百,も
百,もも
彪,あきら
彪,あや
彪,たけ
彪,たけし
彪,つよし
彪,とら
標,えだ
標,かた
標,こずえ
標,しな
標,すえ
標,たか
標,ひで
氷,きよ
氷,ひ
表,あき
表,あきら
表,うわ
表,お
表,おも
表,きぬ
表,こずえ
表,すず
表,と
表,よし
評,ただ
豹,はだら
廟,いえ
苗,え
苗,たね
苗,なえ
苗,なり
苗,みつ
品,かず
品,かつ
品,しな
品,ただ
品,のり
品,ひで
彬,あき
彬,あきら
彬,あや
彬,しげし
彬,ひで
彬,もり
彬,よし
浜,はま
賓,うら
賓,つぐ
賓,つら
頻,かず
頻,しげ
頻,つら
頻,はや
敏,あきら
敏,さと
敏,さとし
敏,すすむ
敏,つとむ
敏,と
敏,とし
敏,はや
敏,はやし
敏,はる
敏,ゆき
敏,よし
不,ず
付,とも
夫,あき
夫,お
夫,すけ
富,あつ
富,あつし
富,さかえ
富,と
富,とみ
富,とめり
富,とめる
富,ひさ
富,ふく
富,みつる
富,ゆたか
富,よし
布,しき
布,しく
布,たえ
布,ぬの
布,のぶ
布,よし
府,あつ
府,くら
府,もと
扶,すけ
扶,たもつ
扶,もと
敷,しき
敷,のぶ
敷,ひら
斧,おの
斧,はじめ
普,かた
普,ひろ
普,ひろし
普,ゆき
浮,ちか
父,ちち
父,のり
芙,はす
譜,つぐ
負,え
負,おい
負,ひ
負,ます
賦,ます
赴,はや
赴,ゆく
阜,あつ
阜,おか
阜,たか
阜,とおる
阜,な
附,ちか
附,つく
附,ます
附,より
附,よる
武,いさ
武,いさむ
武,たけ
武,たけし
武,たける
武,たつ
武,ふか
舞,まい
部,きつ
部,もと
封,かね
楓,かえで
風,かざ
風,かぜ
葺,ふき
葺,ふく
蕗,ふき
伏,ふし
伏,やす
副,すえ
副,すけ
副,そえ
副,つぎ
副,ます
復,あきら
復,あつし
復,さかえ
復,しげる
復,なお
復,また
復,もち
服,こと
服,はとり
服,もと
服,ゆき
服,よ
福,さき
福,さち
福,たる
福,とし
福,とみ
福,むら
福,もと
福,よ
福,よし
腹,はら
淵,すえ
淵,すけ
淵,なみ
淵,のぶ
淵,ひろ
淵,ふか
淵,ふかし
仏,さとる
仏,ほとけ
物,たね
物,もの
分,くまり
分,ちか
分,わか
紛,お
紛,もろ
文,あき
文,あや
文,いと
文,すじめ
文,とも
文,のぶ
文,のり
文,ひさ
文,ひとし
文,ふみ
文,ふみし
文,み
文,や
文,やす
文,ゆき
文,よし
聞,ひろ
丙,あき
丙,え
丙,ひのえ
兵,たけ
兵,ひと
兵,むね
幣,しで
幣,ぬさ
平,おさむ
平,さね
平,たいら
平,たか
平,つね
平,とし
平,なり
平,なる
平,はかる
平,ひとし
平,ひら
平,まさる
平,もち
平,よし
柄,え
柄,えだ
柄,かい
柄,かみ
柄,つか
柄,もと
並,なみ
並,なめ
並,ならぶ
並,み
並,みつ
陛,きざ
陛,のぼる
陛,のり
陛,はし
陛,より
米,こめ
米,みつ
米,よね
壁,かべ
碧,あお
碧,きよし
碧,たま
碧,みどり
別,のぶ
別,わき
別,わく
別,わけ
偏,つら
偏,とも
偏,ゆき
片,かた
編,つら
編,よし
辺,ほとり
返,のぶ
遍,とお
便,やす
勉,かつ
勉,つとむ
勉,まさる
勉,ます
勉,やす
弁,さだ
弁,そなう
弁,なか
弁,わけ
保,お
保,たもつ
保,まもる
保,もち
保,もり
保,やす
保,やすし
保,より
舗,しげ
舗,すけ
舗,のぶ
舗,はる
圃,その
歩,あゆみ
歩,あゆむ
歩,すすむ
甫,かみ
甫,すけ
甫,とし
甫,なみ
甫,のり
甫,はじめ
甫,まさ
甫,み
甫,もと
甫,よし
補,さだ
補,すけ
補,たすく
輔,すけ
輔,たすく
輔,たすけ
穂,お
穂,ほ
穂,みのる
募,つのる
墓,つか
慕,もと
戊,さかる
戊,しげ
戊,しげる
倣,より
包,かた
包,かつ
包,かぬ
包,かね
包,しげ
報,お
報,つぐ
宝,かね
宝,たか
宝,たかし
宝,たから
宝,たけ
宝,とみ
宝,とも
宝,みち
宝,よし
峰,お
峰,たか
峰,たかし
峰,ね
峰,みね
抱,もち
捧,かた
捧,たか
捧,もち
放,ゆき
放,ゆく
方,あたる
方,お
方,かた
方,しげ
方,すけ
方,たか
方,ただし
方,たもつ
方,つね
方,なみ
方,のり
方,ふさ
方,まさ
方,まさし
方,み
方,みち
方,やす
方,より
朋,とも
法,かず
法,つね
法,のり
法,はかる
芳,か
芳,かおる
芳,はな
芳,ふさ
芳,みち
芳,もと
芳,よし
萌,きざし
萌,め
萌,めぐみ
萌,めみ
萌,もえ
萌,もゆ
褒,よし
訪,こと
訪,み
訪,みる
豊,あつ
豊,かた
豊,て
豊,と
豊,とよ
豊,のぼる
豊,ひろ
豊,ひろし
豊,みのる
豊,もり
豊,ゆた
豊,ゆたか
豊,よし
邦,くに
飽,あき
飽,あきら
飽,あく
鳳,たか
鵬,とも
鵬,ゆき
房,お
房,のぶ
房,ふさ
望,のぞみ
望,のぞむ
望,み
望,もち
某,いろ
紡,つむ
謀,こと
謀,のぶ
謀,はかる
防,ふせ
北,きた
北,た
卜,うら
墨,すみ
朴,すなお
朴,なお
牧,まき
睦,あつし
睦,ちか
睦,ちかし
睦,とき
睦,とも
睦,のぶ
睦,まこと
睦,む
睦,むつ
睦,むつみ
睦,よし
勃,ひら
勃,ひろ
殆,ちか
堀,ほり
幌,あきら
本,なり
本,はじめ
本,もと
凡,ちか
凡,つね
摩,きよ
摩,なず
磨,おさむ
磨,きよ
磨,みがく
麻,あさ
麻,お
麻,ぬさ
埋,うめ
妹,いも
枚,かず
枚,ひら
枚,ふむ
毎,かず
毎,つね
槙,こずえ
槙,まき
柾,まさ
亦,また
又,すけ
又,たすく
又,また
又,やす
末,すえ
末,とめ
末,とも
末,ひろし
末,ほず
沫,わ
繭,まゆ
万,かず
万,かつ
万,すすむ
万,たか
万,つむ
万,つもる
万,よろず
満,あり
満,ます
満,まろ
満,みち
満,みつ
満,みつる
漫,ひろ
漫,みつ
味,あじ
味,うまし
味,ちか
未,いま
未,いや
未,ひつじ
未,ひで
箕,み
箕,みる
岬,みさき
密,たかし
密,ひそか
湊,みなと
稔,とし
稔,なり
稔,なる
稔,みのる
稔,ゆたか
妙,たえ
妙,ただ
妙,たゆ
民,たみ
民,ひと
民,み
民,もと
務,かね
務,ちか
務,つとむ
務,つよ
務,なか
務,みち
夢,ゆめ
無,な
無,なし
牟,ます
牟,もと
霧,きり
椋,くら
名,あきら
名,かた
名,な
名,なづく
名,もり
命,あきら
命,かた
命,とし
命,な
命,なが
命,のぶ
命,のり
命,まこと
命,み
命,みこと
命,みち
命,もり
命,や
命,よし
命,より
明,あか
明,あかり
明,あかる
明,あき
明,あきら
明,あきらけい
明,あけ
明,きよし
明,くに
明,てる
明,とおる
明,とし
明,のり
明,はる
明,ひろ
明,みつ
明,よし
銘,あき
銘,かた
銘,な
鳴,なき
鳴,なり
鳴,なる
姪,めい
綿,つら
綿,まさ
綿,ます
綿,やす
綿,わた
面,おも
面,つら
面,も
模,かた
模,のり
茂,あり
茂,いかし
茂,し
茂,しげ
茂,しげい
茂,しげみ
茂,しげる
茂,たか
茂,とお
茂,とも
茂,とよ
茂,もち
茂,もと
茂,ゆた
孟,おさ
孟,たけ
孟,たけし
孟,つとむ
孟,とも
孟,なが
孟,はじむ
孟,はじめ
孟,はる
孟,もと
毛,あつ
毛,け
猛,たか
猛,たけ
猛,たけお
猛,たけき
猛,たけし
猛,たける
猛,つよし
木,き
木,こ
木,しげ
目,ま
目,み
目,め
目,より
勿,な
問,ただ
問,よ
紋,あき
紋,あや
門,かど
門,かな
門,と
門,ひろ
門,ゆき
也,あり
也,ただ
也,なり
也,また
夜,やす
夜,よ
夜,よる
野,とお
野,なお
野,ぬ
野,の
野,ひろ
弥,いや
弥,いよ
弥,ひさ
弥,ひさし
弥,ひろ
弥,ます
弥,み
弥,みつ
弥,や
弥,やす
弥,よし
弥,わたり
弥,わたる
矢,ただ
矢,ちかう
矢,ちこう
矢,なお
矢,や
役,つら
役,まもる
役,ゆき
約,なり
薬,くす
薬,くすし
薬,くるり
訳,つぐ
靖,おさむ
靖,きよし
靖,しず
靖,のぶ
靖,やす
靖,やすし
諭,さと
諭,さとし
諭,さとす
唯,ただ
佑,すけ
佑,たすく
優,かつ
優,ひろ
優,まさ
優,まさる
優,ゆたか
勇,いさ
勇,いさお
勇,いさみ
勇,いさむ
勇,お
勇,さ
勇,そよ
勇,たけ
勇,たけし
勇,とし
勇,はや
勇,よ
友,すけ
友,とも
宥,すけ
宥,ひろ
悠,ちか
悠,はるか
悠,ひさ
悠,ひさし
有,あり
有,すみ
有,たもつ
有,とお
有,とも
有,なお
有,なり
有,みち
有,もち
有,ゆう
有,り
湧,わか
湧,わき
湧,わく
猶,さね
猶,なお
猶,のり
猶,よし
由,ただ
由,ゆき
由,よし
由,より
祐,さち
祐,すけ
祐,たすく
祐,ち
祐,まさ
祐,ます
祐,むら
祐,よし
裕,すけ
裕,ひろ
裕,ひろし
裕,まさ
裕,みち
裕,やす
裕,ゆたか
遊,なが
遊,ゆき
邑,くに
邑,さと
邑,さとし
邑,すみ
邑,むら
雄,お
雄,かず
雄,かた
雄,かつ
雄,たか
雄,たけ
雄,たけし
雄,のり
雄,よし
融,あき
融,あきら
融,すけ
融,とお
融,とおる
融,ながし
融,みち
融,よし
夕,ゆ
夕,ゆう
予,たのし
予,まさ
予,やす
予,やすし
与,あたえ
与,あと
与,くみ
与,すえ
与,とも
与,のぶ
与,ひとし
与,もろ
与,よし
誉,しげ
誉,たか
誉,たかし
誉,のり
誉,ほまる
誉,ほまれ
誉,ほむ
誉,ほん
誉,もと
誉,やす
誉,よし
預,さき
預,まさ
預,やす
預,よし
幼,わか
容,いるる
容,おさ
容,かた
容,なり
容,ひろ
容,ひろし
容,まさ
容,もり
容,やす
容,よし
庸,いさお
庸,つね
庸,のぶ
庸,のり
庸,もち
庸,もちう
庸,やす
揚,あき
揚,あきら
揚,たか
揚,のぶ
曜,あきら
曜,てらす
曜,てる
楊,やす
洋,うみ
洋,きよ
洋,なみ
洋,ひろ
洋,ひろし
洋,み
用,ちか
用,もち
耀,あき
耀,あきら
耀,てる
葉,たに
葉,のぶ
葉,は
葉,ば
葉,ふさ
葉,よ
蓉,はす
要,かなめ
要,しの
要,とし
要,め
要,もとむ
要,もとめ
要,やす
遥,すみ
遥,とお
遥,のぶ
遥,のり
遥,はる
遥,はるか
遥,みち
陽,あき
陽,あきら
陽,お
陽,おき
陽,きよ
陽,きよし
陽,たか
陽,なか
陽,はる
陽,ひ
陽,や
養,おさ
養,かい
養,きよ
養,すけ
養,のぶ
養,まもる
養,やす
養,よし
抑,あきら
翌,あきら
翼,すけ
翼,たすく
翼,つばさ
羅,つら
来,き
来,きたる
来,く
来,くる
来,こ
来,な
来,ゆき
頼,たのむ
頼,のり
頼,よ
頼,よし
頼,より
雷,あずま
雷,いかずち
絡,つら
絡,なり
落,おち
乱,おさむ
嵐,あらし
藍,あい
覧,かた
覧,ただ
覧,み
覧,みる
利,かが
利,かず
利,さと
利,と
利,とおる
利,とし
利,のり
利,まさ
利,みち
利,みのる
利,よし
利,より
吏,おさ
吏,さと
吏,つかさ
履,ふみ
李,もも
梨,なし
理,あや
理,おさ
理,おさむ
理,さだむ
理,すけ
理,たか
理,ただ
理,ただし
理,ただす
理,とし
理,のり
理,まさ
理,まろ
理,みち
理,よし
璃,あき
裏,うら
里,さと
里,さとし
里,のり
離,あき
離,あきら
離,つら
陸,あつ
陸,あつし
陸,くが
陸,たかし
陸,ひとし
陸,みち
陸,む
陸,むつ
律,おと
律,ただし
律,ただす
律,のり
率,のり
率,より
立,たか
立,たかし
立,たち
立,たつ
立,たつる
立,たて
立,たる
立,はる
掠,くら
略,とる
略,のり
略,もと
劉,のぶ
劉,みずち
流,しく
流,とも
流,はる
留,たね
留,と
留,とめ
留,ひさ
隆,お
隆,おき
隆,しげ
隆,たか
隆,たかし
隆,とき
隆,なが
隆,もり
隆,ゆたか
竜,かみ
竜,きみ
竜,しげみ
竜,たつ
竜,とお
竜,とおる
竜,めぐむ
侶,かぬ
侶,かね
侶,とも
慮,のぶ
旅,たか
旅,たび
旅,もろ
了,あき
了,あきら
了,さと
了,さとる
了,すみ
了,のり
亮,あき
亮,あきら
亮,かつ
亮,きよし
亮,すけ
亮,たすく
亮,とおる
亮,ふさ
亮,まこと
亮,よし
亮,より
亮,ろ
僚,あきら
僚,とも
両,ふた
両,ふる
両,もろ
凌,しのぐ
寮,いえ
寮,とも
寮,まつ
料,かず
梁,たかし
梁,はり
梁,むね
梁,やな
梁,やね
涼,あつ
涼,すけ
涼,すず
瞭,あき
瞭,あきら
稜,いず
稜,いつ
稜,かど
稜,たか
稜,たる
良,あきら
良,お
良,かず
良,かた
良,さね
良,すけ
良,たか
良,つかさ
良,つぎ
良,なおし
良,なが
良,ながし
良,はる
良,ひこ
良,ひさ
良,ふみ
良,まこと
良,み
良,よし
良,ら
良,ろ
良,ろう
諒,あき
諒,あさ
諒,まこと
諒,まさ
遼,とお
遼,はるか
量,かず
量,さと
量,とも
量,はかり
量,はかる
陵,おか
陵,たか
領,おさ
領,むね
力,いさお
力,いさむ
力,お
力,か
力,ちか
力,ちから
力,つとむ
力,よし
緑,つか
緑,つな
緑,のり
緑,みどり
倫,おさむ
倫,しな
倫,つぐ
倫,つね
倫,とし
倫,とも
倫,のり
倫,ひと
倫,ひとし
倫,みち
倫,もと
林,き
林,きみ
林,きん
林,しげ
林,しげる
林,とき
林,な
林,はやし
林,ふさ
林,もと
林,もり
林,よし
臨,み
輪,もと
輪,わ
隣,さと
隣,ただ
隣,ちか
隣,ちかし
隣,となり
隣,なが
塁,かさ
塁,たか
累,たか
類,とも
類,なし
類,よし
令,なり
令,のり
令,はる
令,よし
例,ただ
例,つね
例,とも
例,みち
冷,すずし
励,つとむ
嶺,ね
嶺,みね
怜,あと
怜,さとし
怜,とき
玲,あきら
玲,たま
礼,あき
礼,あきら
礼,あや
礼,いや
礼,うや
礼,かた
礼,なり
礼,のり
礼,ひろ
礼,ひろし
礼,まさ
礼,まさし
礼,みち
礼,ゆき
礼,よし
鈴,すず
霊,よし
麗,あきら
麗,かず
麗,つぐ
麗,つら
麗,よし
麗,より
暦,とし
歴,つぐ
歴,つね
歴,ふる
歴,ゆき
列,しげ
列,つら
列,とく
列,のぶ
烈,あきら
烈,いさお
烈,たけ
烈,たけし
烈,つよ
烈,つら
烈,やす
烈,よし
廉,おさ
廉,かど
廉,きよ
廉,きよし
廉,すが
廉,すなお
廉,ただし
廉,やす
廉,ゆき
漣,なみ
蓮,はす
連,つぎ
連,つら
連,まさ
連,むらじ
連,やす
呂,おと
呂,とも
呂,なが
呂,ふえ
路,じ
路,のり
路,みち
路,ゆく
露,あきら
露,つゆ
労,つとむ
朗,あき
朗,あきら
朗,お
朗,さえ
朗,とき
朗,ほがら
楼,いえ
楼,たか
楼,つぎ
浪,なみ
老,おい
老,おみ
老,おゆ
老,とし
郎,お
六,む
六,むつ
禄,さち
禄,とし
禄,とみ
禄,よし
録,とし
録,ふみ
論,とき
論,のり
倭,かず
倭,しず
倭,まさ
倭,やす
倭,やまと
和,あい
和,かず
和,かた
和,かつ
和,かのう
和,たか
和,ちか
和,とし
和,とも
和,な
和,のどか
和,ひとし
和,まさ
和,ます
和,やす
和,やすし
和,やまと
和,やわ
和,やわら
和,よし
和,より
和,わたる
惑,まどい
鷲,わし
亘,とおる
亘,のぶ
亘,もとむ
亘,わたり
亘,わたる
椀,まり
侑,あつむ
侑,すすむ
侑,ゆき
俐,さと
俐,さとし
刹,くに
勁,つよし
喩,あき
奎,ふみ
已,すえ
彙,しげ
惺,さとし
惺,さとる
昊,ひろ
昊,ひろし
晏,おそ
晏,さだ
晏,はる
晏,やす
晨,あき
晨,とき
晨,とよ
晟,あきら
晟,てる
晟,まさ
暉,あき
暉,あきら
暉,てらす
暉,てる
栞,しおり
梛,なぎ
椰,やし
毬,まり
洸,たけし
洸,ひろ
洸,ひろし
洸,ふかし
洵,のぶ
洵,ひとし
洵,まこと
滉,ひろ
滉,ひろし
漱,すすぐ
澪,みお
煌,あき
煌,あきら
煌,てる
燿,てる
瑶,たま
璧,たま
皓,あき
皓,あきら
皓,つく
皓,てる
皓,ひかる
皓,ひろ
皓,ひろし
眸,ひとみ
祿,さち
祿,とし
祿,とみ
祿,よし
稟,うくる
穰,おさむ
穰,しげ
穰,みのる
穰,ゆたか
穹,たか
穹,たかし
綺,あや
綸,お
綸,くみ
脩,おさ
脩,おさむ
脩,さね
脩,すけ
脩,なお
脩,なが
脩,のぶ
脩,はる
脩,もろ
菫,すみれ
萠,きざし
萠,め
萠,めぐみ
萠,めみ
萠,もえ
萠,もゆ
詢,まこと
諄,あつ
諄,いたる
諄,さね
諄,しげ
諄,とも
諄,のぶ
諄,まこと
赳,たけ
赳,たけし
迪,すすむ
迪,ただ
迪,ただし
迪,ただす
迪,ひら
迪,ふみ
迪,みち
逞,たくま
逞,とし
逞,ゆき
逞,ゆた
逞,よし
釉,つや
頌,うた
頌,おと
頌,つぐ
頌,のぶ
頌,よむ
驍,いさ
驍,すぐる
驍,たけし
黎,たみ
堯,あき
堯,たか
堯,たかし
堯,のり
槇,こずえ
槇,まき
熙,おき
熙,さと
熙,てる
熙,のり
熙,ひろ
熙,ひろし
熙,ひろむ
熙,よし
俱,とも
俱,ひろ
俠,さとる
俠,たもつ
塡,さだ
塡,ます
塡,みつ
塡,やす
吞,のみ
渚,なぎさ
猪,い
猪,しし
琢,あや
琢,たか
琢,みがく
祐,さち
祐,すけ
祐,たすく
祐,ち
祐,まさ
祐,ます
祐,むら
祐,よし
禎,さだ
禎,さだむ
禎,さち
禎,ただ
禎,ただし
禎,つぐ
禎,とも
禎,よし
繡,ぬい
頓,はや
顚,かみ
繫,つぐ
繫,つな
